Day,Weekday,Macro Environment,ABC ,MKV,YYT,PLO,ERS,HUY,MON ,AQE,IX50
1,Monday,Positive,100.0,56.0,70.0,25.0,64.96,76.12,32.02,23.01,1200.0
2,Tuesday,Positive,100.39,55.94,70.8,24.81,64.99,75.98,32.0,23.03,1201.14
3,Wednesday,Positive,99.99,55.74,70.01,24.97,64.66,76.29,32.03,23.02,1209.88
4,Thurday,Positive,99.73,55.36,71.03,25.09,64.81,76.01,32.04,23.02,1195.59
5,Friday,Positive,100.27,55.39,71.12,24.93,65.02,75.83,32.01,23.0,1185.64
6,Monday,Positive,100.74,54.95,71.81,24.75,65.37,75.71,32.02,22.98,1169.05
7,Tuesday,Positive,100.36,55.0,73.24,24.56,65.32,75.9,32.02,22.97,1187.38
8,Wednesday,Positive,100.97,55.22,72.64,24.38,65.34,75.9,32.02,22.99,1200.83
9,Thurday,Positive,101.78,55.39,71.91,23.21,65.35,75.88,32.04,23.0,1218.08
10,Friday,Positive,101.38,55.59,72.31,22.55,65.43,75.94,31.99,23.0,1224.65
11,Monday,Positive,101.6,55.45,71.39,22.25,65.48,76.15,32.01,23.01,1232.67
12,Tuesday,Positive,101.56,55.44,70.75,21.84,65.3,76.19,32.0,23.02,1223.98
13,Wednesday,Positive,102.26,55.46,70.66,21.74,65.41,75.97,32.01,23.03,1239.31
14,Thurday,Positive,102.07,54.94,70.82,20.74,65.61,75.95,32.05,23.03,1231.04
15,Friday,Positive,102.17,55.16,69.73,20.28,65.59,76.03,32.03,23.01,1226.36
16,Monday,Positive,103.02,55.3,69.41,20.11,65.51,75.88,32.05,23.02,1223.9
17,Tuesday,Positive,102.81,55.56,69.94,19.89,65.62,75.94,32.05,23.03,1218.27
18,Wednesday,Positive,102.83,55.36,67.66,19.55,65.64,75.93,32.05,23.04,1225.35
19,Thurday,Positive,102.52,55.53,66.02,18.73,65.36,75.98,32.04,23.05,1224.03
20,Friday,Positive,102.91,55.85,65.27,18.41,65.3,76.05,32.04,23.05,1223.99
21,Monday,Positive,103.26,55.51,66.48,18.27,65.48,75.87,32.04,23.05,1222.84
22,Tuesday,Positive,102.58,55.72,66.84,17.97,65.38,76.06,32.04,23.07,1233.72
23,Wednesday,Positive,101.51,55.74,66.5,17.55,65.36,75.89,32.06,23.07,1229.48
24,Thurday,Positive,101.26,56.81,66.63,17.56,65.52,75.68,32.06,23.07,1228.59
25,Friday,Positive,100.54,57.04,67.37,18.12,65.45,75.59,32.06,23.07,1232.35
26,Monday,Positive,99.92,57.08,67.07,18.0,65.49,75.7,32.08,23.09,1220.09
27,Tuesday,Positive,100.09,56.94,67.22,18.12,65.44,75.78,32.07,23.09,1216.84
28,Wednesday,Positive,101.14,56.77,67.63,18.51,65.38,76.13,32.07,23.12,1221.41
29,Thurday,Positive,101.27,56.81,65.68,18.4,65.58,75.93,32.07,23.11,1230.88
30,Friday,Positive,103.25,56.86,62.89,18.3,65.65,76.02,32.04,23.11,1232.6
31,Monday,Positive,102.56,56.83,63.13,18.58,65.7,75.89,32.05,23.09,1227.85
32,Tuesday,Positive,103.75,56.21,65.05,18.14,65.68,75.99,32.07,23.11,1239.53
33,Wednesday,Positive,104.32,55.72,65.59,18.5,65.74,75.85,32.07,23.12,1238.26
34,Thurday,Positive,103.6,56.57,65.95,18.61,65.8,75.68,32.07,23.13,1238.98
35,Friday,Positive,103.49,56.75,65.06,18.06,65.52,75.86,32.05,23.13,1240.86
36,Monday,Positive,103.08,56.55,65.71,17.98,65.64,75.85,32.03,23.11,1240.84
37,Tuesday,Positive,102.66,57.19,65.09,17.76,65.83,75.97,32.03,23.12,1237.08
38,Wednesday,Positive,103.12,56.84,64.73,17.67,65.88,75.86,32.05,23.12,1241.25
39,Thurday,Positive,103.75,57.08,61.91,16.95,65.87,75.67,32.05,23.12,1232.64
40,Friday,Positive,104.02,56.41,61.94,16.63,65.87,75.66,32.05,23.11,1229.22
41,Monday,Positive,104.03,56.93,61.82,15.9,65.89,75.79,32.07,23.12,1226.53
42,Tuesday,Positive,104.64,57.4,61.75,15.83,65.62,76.05,32.07,23.1,1219.79
43,Wednesday,Positive,104.02,57.14,61.45,15.83,65.55,76.2,32.08,23.11,1220.9
44,Thurday,Positive,103.83,57.14,60.81,15.88,65.57,76.05,32.08,23.1,1222.46
45,Friday,Positive,102.34,56.97,60.44,15.88,65.68,75.88,32.05,23.1,1223.51
46,Monday,Positive,103.12,56.28,58.86,15.96,65.75,75.77,32.06,23.09,1222.77
47,Tuesday,Positive,103.69,56.17,58.66,15.63,65.69,75.82,32.05,23.11,1227.48
48,Wednesday,Positive,103.55,55.63,57.95,15.56,65.94,75.76,32.04,23.12,1241.18
49,Thurday,Positive,104.05,56.48,56.91,15.18,65.93,75.98,32.03,23.13,1249.54
50,Friday,Positive,103.61,57.15,56.21,15.42,65.94,75.94,32.01,23.11,1225.57
51,Monday,Positive,103.68,56.9,56.99,15.32,65.81,76.04,32.01,23.1,1234.87
52,Tuesday,Positive,103.21,57.09,55.37,15.61,65.83,75.94,32.03,23.11,1220.87
53,Wednesday,Positive,103.36,56.38,56.04,15.36,65.58,76.07,32.01,23.12,1207.72
54,Thurday,Positive,103.08,56.41,55.08,15.37,65.59,76.01,32.02,23.13,1209.14
55,Friday,Positive,102.77,56.88,56.99,15.62,65.47,75.94,32.02,23.1,1199.35
56,Monday,Positive,103.24,56.71,57.36,15.53,65.41,76.15,32.03,23.09,1211.6
57,Tuesday,Positive,103.18,57.29,57.75,15.51,65.43,75.93,32.02,23.1,1217.39
58,Wednesday,Positive,104.35,57.52,57.7,15.33,65.51,75.82,32.02,23.09,1211.64
59,Thurday,Positive,105.12,57.8,56.16,14.59,65.81,75.6,32.01,23.11,1199.62
60,Friday,Positive,104.89,57.51,57.08,14.0,65.81,75.63,32.0,23.09,1202.57
61,Monday,Positive,104.45,57.83,56.97,13.41,65.84,75.62,32.01,23.1,1212.34
62,Tuesday,Positive,103.7,57.85,58.09,13.22,65.85,75.58,32.02,23.09,1213.54
63,Wednesday,Positive,104.53,57.85,57.79,13.25,65.78,75.58,32.04,23.1,1228.43
64,Thurday,Positive,104.35,57.15,57.2,13.44,65.62,75.6,32.05,23.12,1233.03
65,Friday,Positive,104.43,57.31,55.75,13.65,65.54,75.59,32.02,23.12,1239.72
66,Monday,Positive,104.47,57.5,55.83,13.78,65.48,75.6,32.03,23.14,1237.8
67,Tuesday,Positive,104.86,57.54,56.66,13.64,65.54,75.53,32.05,23.13,1241.22
68,Wednesday,Positive,104.23,57.8,56.44,13.77,65.55,75.56,32.06,23.12,1239.91
69,Thurday,Positive,104.21,57.52,54.46,13.82,65.51,75.56,32.07,23.13,1225.73
70,Friday,Positive,104.57,57.82,53.45,13.8,65.56,75.31,32.03,23.12,1245.44
71,Monday,Positive,103.64,57.75,52.34,14.04,65.64,75.2,32.04,23.13,1244.76
72,Tuesday,Positive,103.68,57.51,51.13,14.08,65.16,75.55,32.05,23.12,1246.14
73,Wednesday,Positive,104.66,57.28,50.51,14.61,65.01,75.76,32.03,23.14,1257.1
74,Thurday,Positive,104.86,57.16,51.15,14.42,64.88,75.81,32.06,23.13,1258.44
75,Friday,Positive,104.61,57.01,51.06,14.37,64.96,75.65,32.06,23.13,1260.63
76,Monday,Positive,105.07,56.96,52.11,14.48,64.83,75.71,32.05,23.13,1264.52
77,Tuesday,Positive,104.99,57.57,54.44,14.98,65.01,75.75,32.06,23.13,1255.85
78,Wednesday,Positive,105.03,57.56,54.88,15.56,65.19,75.7,32.06,23.13,1268.45
79,Thurday,Positive,104.99,57.74,55.51,16.15,65.26,75.8,32.06,23.15,1271.81
80,Friday,Positive,106.16,57.53,56.48,16.51,65.33,75.65,32.04,23.14,1267.41
81,Monday,Positive,105.54,57.26,57.71,16.6,65.43,75.53,32.04,23.14,1275.34
82,Tuesday,Positive,105.58,57.5,57.49,17.28,65.33,75.61,32.03,23.14,1278.69
83,Wednesday,Positive,106.87,56.94,57.31,17.91,65.32,75.73,32.03,23.14,1271.52
84,Thurday,Positive,106.85,56.7,58.39,18.47,65.35,75.65,32.05,23.13,1273.22
85,Friday,Positive,107.7,57.35,58.5,18.57,65.35,75.58,32.0,23.13,1273.7
86,Monday,Positive,107.56,57.96,58.36,18.59,65.3,75.77,32.01,23.14,1276.87
87,Tuesday,Positive,106.35,57.16,59.26,18.59,65.36,75.69,32.01,23.13,1280.37
88,Wednesday,Positive,106.16,57.59,56.72,18.19,65.32,75.64,32.02,23.15,1286.63
89,Thurday,Positive,106.12,57.54,56.49,18.32,65.29,75.46,32.04,23.17,1277.41
90,Friday,Positive,107.26,57.35,56.38,18.58,65.37,75.37,32.03,23.16,1277.91
91,Monday,Positive,107.78,57.26,55.36,18.79,65.46,75.45,32.06,23.17,1270.99
92,Tuesday,Positive,108.72,57.6,57.95,19.71,65.5,75.29,32.06,23.16,1275.45
93,Wednesday,Positive,107.82,58.03,58.05,20.26,65.34,75.49,32.07,23.18,1265.27
94,Thurday,Positive,107.37,57.84,60.41,20.65,65.45,75.25,32.07,23.19,1248.4
95,Friday,Positive,106.54,58.1,61.83,21.51,65.33,75.46,32.04,23.17,1245.45
96,Monday,Positive,107.07,58.2,62.66,21.43,65.34,75.72,32.04,23.17,1266.05
97,Tuesday,Positive,107.38,57.9,59.95,21.67,65.41,75.81,32.01,23.18,1275.74
98,Wednesday,Positive,107.1,57.35,58.34,21.65,65.39,75.75,32.01,23.17,1276.9
99,Thurday,Positive,106.64,57.85,58.6,21.65,65.21,75.51,32.02,23.18,1297.55
100,Friday,Positive,107.4,57.86,59.14,22.02,65.35,75.53,32.0,23.18,1296.45
101,Monday,Neutral,107.77,57.73,59.69,21.41,65.29,75.7,32.01,23.19,1295.94
102,Tuesday,Neutral,108.42,57.92,59.59,20.58,65.09,76.02,31.99,23.19,1299.68
103,Wednesday,Neutral,107.73,57.8,59.57,20.65,65.16,76.21,32.0,23.19,1301.19
104,Thurday,Neutral,107.5,58.19,58.88,20.55,64.94,76.52,31.99,23.2,1301.14
105,Friday,Neutral,108.08,58.27,59.61,20.16,65.06,76.5,31.92,23.19,1299.48
106,Monday,Neutral,108.53,58.37,59.31,19.31,64.94,76.61,31.94,23.17,1299.46
107,Tuesday,Neutral,108.68,58.57,59.43,19.21,64.98,76.51,31.96,23.18,1304.03
108,Wednesday,Neutral,108.07,58.42,60.43,18.85,64.8,76.48,31.95,23.18,1298.91
109,Thurday,Neutral,108.85,58.29,59.37,19.15,64.73,76.67,31.94,23.18,1296.43
110,Friday,Neutral,109.08,58.13,59.1,19.47,64.88,76.8,31.93,23.17,1302.17
111,Monday,Neutral,108.17,58.0,59.53,19.99,64.95,76.57,31.94,23.17,1312.85
112,Tuesday,Neutral,107.19,58.63,59.73,20.04,64.85,76.47,31.95,23.19,1305.51
113,Wednesday,Neutral,107.22,58.66,60.0,19.99,64.82,76.68,31.93,23.2,1307.43
114,Thurday,Neutral,106.65,58.64,60.26,19.9,64.8,76.63,31.95,23.2,1314.42
115,Friday,Neutral,106.8,58.66,61.99,20.08,64.86,76.69,31.93,23.18,1313.76
116,Monday,Neutral,106.83,58.95,63.92,20.03,64.99,76.49,31.94,23.19,1311.62
117,Tuesday,Neutral,107.02,58.97,64.13,19.79,64.88,76.5,31.96,23.21,1317.02
118,Wednesday,Neutral,107.1,59.8,63.94,20.17,64.97,76.47,31.96,23.21,1314.98
119,Thurday,Neutral,107.11,59.26,64.33,20.07,64.85,76.79,31.95,23.2,1312.24
120,Friday,Neutral,107.17,59.45,65.33,20.21,64.78,76.82,31.92,23.19,1310.13
121,Monday,Neutral,106.92,59.36,66.33,20.02,64.76,76.72,31.94,23.2,1304.66
122,Tuesday,Neutral,106.6,59.17,66.3,20.25,64.76,76.73,31.96,23.21,1295.11
123,Wednesday,Neutral,106.66,59.19,65.54,20.61,64.79,76.75,31.97,23.21,1300.08
124,Thurday,Neutral,105.9,58.35,65.13,21.21,64.72,76.67,31.99,23.21,1307.26
125,Friday,Neutral,106.24,58.49,65.78,21.07,64.87,76.55,31.96,23.2,1308.43
126,Monday,Neutral,106.61,59.07,66.52,21.71,65.01,76.53,31.99,23.21,1307.86
127,Tuesday,Neutral,106.79,58.71,67.68,22.19,65.36,76.31,31.99,23.21,1310.17
128,Wednesday,Neutral,106.42,59.25,66.98,22.19,65.14,76.4,32.0,23.23,1309.68
129,Thurday,Neutral,107.0,58.95,67.38,22.15,65.3,76.56,32.01,23.23,1302.73
130,Friday,Neutral,106.17,58.86,67.86,21.91,65.53,76.51,32.0,23.19,1298.02
131,Monday,Neutral,107.05,58.67,71.12,21.79,65.74,76.26,32.01,23.2,1300.01
132,Tuesday,Neutral,106.95,58.27,74.51,22.17,65.66,76.18,32.02,23.2,1298.67
133,Wednesday,Neutral,106.89,58.14,74.82,21.1,65.74,76.31,32.01,23.2,1292.57
134,Thurday,Neutral,107.95,57.82,74.63,20.13,65.75,76.36,32.01,23.22,1286.97
135,Friday,Neutral,107.22,58.0,73.1,20.18,65.7,76.35,32.0,23.22,1291.07
136,Monday,Neutral,107.35,57.71,71.3,20.23,65.72,76.55,31.99,23.21,1285.13
137,Tuesday,Neutral,107.08,57.76,72.21,19.87,65.79,76.58,31.98,23.2,1289.99
138,Wednesday,Neutral,106.88,58.41,71.5,19.84,65.93,76.59,31.99,23.21,1292.21
139,Thurday,Neutral,106.57,57.98,71.31,19.89,65.84,76.88,31.99,23.2,1288.39
140,Friday,Neutral,106.26,57.68,72.92,19.78,65.83,76.89,31.95,23.19,1287.34
141,Monday,Neutral,105.73,57.86,71.38,19.45,65.83,76.98,31.95,23.19,1288.24
142,Tuesday,Neutral,106.41,57.61,72.18,19.32,65.81,77.05,31.96,23.19,1289.95
143,Wednesday,Neutral,107.59,56.88,71.87,19.08,66.03,76.81,31.96,23.21,1291.24
144,Thurday,Neutral,107.93,57.39,71.33,19.15,65.8,77.13,31.97,23.21,1297.3
145,Friday,Neutral,108.14,57.8,71.58,18.96,65.84,77.2,31.96,23.2,1301.35
146,Monday,Neutral,107.61,58.56,71.0,18.13,65.93,77.1,31.95,23.2,1299.51
147,Tuesday,Neutral,107.46,58.18,69.19,17.29,65.96,76.86,31.94,23.2,1299.06
148,Wednesday,Neutral,107.82,58.69,68.21,16.85,65.95,76.88,31.93,23.19,1295.59
149,Thurday,Neutral,107.51,58.61,66.11,16.73,65.8,76.87,31.94,23.2,1293.71
150,Friday,Neutral,107.64,58.2,64.33,16.87,65.79,76.93,31.91,23.17,1294.26
151,Monday,Neutral,108.14,58.65,62.19,16.9,65.76,77.12,31.93,23.17,1284.98
152,Tuesday,Neutral,109.29,58.82,60.49,16.9,65.86,77.17,31.94,23.18,1285.63
153,Wednesday,Neutral,109.88,58.98,60.84,17.06,65.63,77.25,31.96,23.17,1285.69
154,Thurday,Neutral,110.63,59.18,61.55,16.8,65.66,77.19,31.97,23.17,1284.94
155,Friday,Neutral,110.56,59.37,63.28,16.12,65.69,77.1,31.94,23.13,1279.91
156,Monday,Neutral,110.62,59.35,62.12,16.57,65.58,77.15,31.93,23.13,1277.84
157,Tuesday,Neutral,109.69,59.57,61.73,17.0,65.59,77.11,31.93,23.15,1275.01
158,Wednesday,Neutral,110.04,59.8,63.76,16.4,65.59,77.24,31.92,23.15,1275.01
159,Thurday,Neutral,110.55,59.92,63.96,16.29,65.65,77.31,31.95,23.16,1265.52
160,Friday,Neutral,109.93,59.67,64.12,16.01,65.73,77.28,31.94,23.16,1264.44
161,Monday,Neutral,110.63,59.38,64.32,16.05,65.69,77.54,31.97,23.17,1266.57
162,Tuesday,Neutral,110.28,59.48,64.43,16.8,65.71,77.64,31.97,23.19,1263.29
163,Wednesday,Neutral,109.98,59.39,64.97,16.6,65.63,77.5,31.98,23.2,1259.78
164,Thurday,Neutral,110.16,59.82,65.25,16.91,65.48,77.55,31.97,23.2,1262.95
165,Friday,Neutral,109.45,59.61,64.14,16.72,65.33,77.75,31.97,23.18,1273.75
166,Monday,Neutral,109.67,59.63,64.17,17.3,65.28,77.72,31.95,23.18,1276.45
167,Tuesday,Neutral,109.73,59.23,63.59,16.63,65.5,77.55,31.96,23.18,1279.35
168,Wednesday,Neutral,110.83,59.29,63.3,16.56,65.44,77.94,31.94,23.19,1279.78
169,Thurday,Neutral,110.78,59.61,64.83,16.38,65.5,77.93,31.95,23.21,1283.14
170,Friday,Neutral,109.81,59.78,64.88,16.69,65.45,78.13,31.9,23.2,1285.79
171,Monday,Neutral,108.7,59.61,63.99,16.33,65.61,77.72,31.92,23.21,1282.26
172,Tuesday,Neutral,108.53,59.53,64.12,15.77,65.62,77.77,31.94,23.21,1284.02
173,Wednesday,Neutral,108.58,59.46,61.11,15.93,65.7,77.56,31.95,23.21,1288.0
174,Thurday,Neutral,109.53,59.83,61.19,16.06,65.7,77.79,31.96,23.2,1285.35
175,Friday,Neutral,110.17,59.59,60.78,15.71,65.86,77.58,31.94,23.18,1287.12
176,Monday,Neutral,109.91,59.05,61.14,15.83,65.91,77.46,31.95,23.19,1292.48
177,Tuesday,Neutral,110.17,58.62,61.97,15.93,66.03,77.02,31.95,23.2,1296.71
178,Wednesday,Neutral,110.15,58.09,61.5,16.18,66.15,76.99,31.96,23.2,-1.0
179,Thurday,Neutral,111.53,57.25,61.47,16.16,66.3,76.76,31.97,23.2,1305.59
180,Friday,Neutral,111.97,57.16,61.53,16.25,66.28,76.64,31.92,23.18,1310.09
181,Monday,Neutral,110.68,56.93,62.52,16.31,66.36,76.64,31.93,23.19,1309.31
182,Tuesday,Neutral,110.65,57.2,63.39,16.25,66.63,76.6,31.94,23.19,1301.47
183,Wednesday,Neutral,110.35,57.12,62.82,16.58,66.35,76.82,31.94,23.18,1300.38
184,Thurday,Neutral,110.55,57.69,62.89,16.77,66.38,76.95,31.94,23.18,1301.18
185,Friday,Neutral,110.34,58.19,61.73,17.09,66.49,76.8,31.93,23.15,1299.87
186,Monday,Neutral,109.62,58.85,64.2,17.16,66.47,76.98,31.97,23.15,1300.23
187,Tuesday,Neutral,109.35,58.99,66.44,17.4,66.39,77.06,31.97,23.14,1307.21
188,Wednesday,Neutral,108.59,58.85,66.2,17.18,66.27,77.29,31.98,23.14,1310.84
189,Thurday,Neutral,109.61,58.88,65.09,17.03,66.43,77.22,31.99,23.14,1316.66
190,Friday,Neutral,108.83,58.33,65.43,17.24,66.32,77.24,31.98,23.1,1311.23
191,Monday,Neutral,109.05,58.03,65.3,17.18,66.31,77.21,31.98,23.11,1311.52
192,Tuesday,Neutral,109.36,57.71,65.66,17.08,66.36,77.0,31.99,23.11,1317.29
193,Wednesday,Neutral,108.83,57.41,65.81,16.91,66.2,76.98,31.99,23.13,1314.11
194,Thurday,Neutral,108.52,57.0,66.42,16.57,66.32,76.76,32.01,23.13,1322.4
195,Friday,Neutral,108.44,57.04,66.98,16.52,66.34,76.87,31.98,23.11,1317.36
196,Monday,Neutral,109.15,57.21,67.71,16.54,66.16,76.72,31.97,23.11,1314.89
197,Tuesday,Neutral,108.22,58.18,67.33,16.36,65.92,76.93,31.97,23.11,1321.43
198,Wednesday,Neutral,109.38,58.04,68.2,16.49,65.97,76.87,31.97,23.1,1312.62
199,Thurday,Neutral,108.23,58.02,67.78,16.7,65.84,76.95,31.99,23.11,1316.18
200,Friday,Neutral,107.88,58.91,67.87,16.25,65.63,77.13,31.97,23.09,1311.16
201,Monday,Neutral,108.62,59.89,69.49,16.13,65.63,77.13,31.95,23.1,1306.58
202,Tuesday,Neutral,108.5,59.64,71.66,15.92,65.81,76.88,31.95,23.09,1306.96
203,Wednesday,Neutral,109.39,60.17,70.63,15.85,65.66,77.02,31.94,23.1,1306.9
204,Thurday,Neutral,109.8,60.17,70.25,16.19,65.8,76.81,31.95,23.09,1309.39
205,Friday,Neutral,110.41,60.58,70.43,16.9,65.67,76.86,31.93,23.08,1308.95
206,Monday,Neutral,110.6,60.56,70.79,17.49,65.74,76.72,31.95,23.09,1307.88
207,Tuesday,Neutral,111.8,60.69,67.77,17.46,65.86,76.92,31.97,23.09,1303.22
208,Wednesday,Neutral,111.08,60.41,68.08,17.67,65.84,76.86,31.97,23.09,1304.55
209,Thurday,Neutral,111.26,60.46,67.89,17.15,66.12,76.51,31.96,23.09,1294.54
210,Friday,Neutral,111.53,61.03,68.36,16.89,66.26,76.56,31.92,23.08,1297.33
211,Monday,Neutral,111.97,60.16,69.71,16.92,66.05,76.76,31.92,23.08,1298.36
212,Tuesday,Neutral,111.92,59.96,69.18,16.89,66.24,76.59,31.94,23.07,1304.16
213,Wednesday,Neutral,112.11,59.61,69.12,16.72,65.93,76.66,31.94,23.08,1310.14
214,thursday,Neutral,113.08,59.45,67.92,17.09,66.17,76.37,31.95,23.09,1304.45
215,Friday,Neutral,112.89,59.16,69.55,16.81,66.29,76.13,31.94,23.07,1307.06
216,Monday,Neutral,113.28,59.32,67.91,16.3,66.22,76.06,31.93,23.07,1303.97
217,Tuesday,Neutral,113.85,59.35,67.57,16.27,66.19,76.13,31.9,23.07,1302.08
218,Wednesday,Neutral,115.09,59.7,66.3,16.69,66.19,76.01,31.92,23.07,1305.45
219,Thurday,Neutral,116.58,60.22,67.72,16.74,66.18,75.99,31.94,23.08,1307.52
220,Friday,Neutral,116.72,60.58,67.45,16.92,66.12,75.94,31.9,23.02,1309.58
221,Monday,Neutral,115.98,60.3,67.98,17.19,66.03,76.03,31.89,23.04,1309.46
222,Tuesday,Neutral,115.77,61.11,68.22,17.06,66.3,75.87,31.89,23.04,1310.44
223,Wednesday,Neutral,115.25,61.11,68.76,16.78,66.32,75.73,31.89,23.04,1306.02
224,Thurday,Neutral,114.52,60.84,70.88,16.86,66.24,75.96,31.9,23.04,1303.59
225,Friday,Neutral,114.45,61.19,71.0,17.02,66.19,76.05,31.88,23.02,1306.28
226,Monday,Neutral,114.94,61.56,70.29,17.08,66.3,75.9,31.87,23.02,1301.64
227,Tuesday,Neutral,115.43,61.68,69.28,17.6,66.43,75.91,31.88,23.03,1299.23
228,Wednesday,Neutral,115.64,61.97,70.26,17.35,66.5,75.75,31.87,23.03,1302.5
229,Thurday,Neutral,115.76,62.47,70.61,17.29,66.52,75.49,31.88,23.06,1302.52
230,Friday,Neutral,116.12,62.14,70.29,17.14,66.52,75.49,31.86,23.04,1299.34
231,Monday,Neutral,116.4,61.98,68.77,17.31,66.46,75.57,31.85,23.04,1300.74
232,Tuesday,Neutral,116.42,61.71,67.93,17.38,66.27,75.58,31.84,23.04,1306.29
233,Wednesday,Neutral,116.81,61.72,67.08,17.41,66.07,75.7,31.86,23.05,1302.46
234,Thurday,Neutral,115.84,61.9,67.77,17.5,66.0,75.86,31.88,23.04,1296.43
235,Friday,Neutral,116.62,62.03,67.9,17.49,65.89,75.98,31.87,23.0,1297.11
236,Monday,Neutral,116.76,62.28,67.96,17.36,65.87,76.02,31.88,22.99,1293.75
237,Tuesday,Neutral,116.93,62.48,68.04,17.3,65.96,76.16,31.9,22.98,1292.5
238,Wednesday,Neutral,117.33,61.83,71.19,17.44,66.12,75.87,31.91,22.98,1290.4
239,Thurday,Neutral,117.93,61.61,71.71,17.51,66.17,75.69,31.91,22.98,1286.96
240,Friday,Neutral,117.43,61.94,72.73,17.64,66.19,75.55,31.89,22.93,1286.96
241,Monday,Neutral,117.04,61.78,73.03,17.76,66.3,75.57,31.87,22.95,1287.89
242,Tuesday,Neutral,117.19,62.2,74.15,17.58,66.29,75.43,31.86,22.93,1283.59
243,Wednesday,Neutral,116.79,62.49,75.26,17.51,66.07,75.36,31.88,22.94,1287.73
244,Thurday,Neutral,116.91,63.15,75.6,17.49,66.01,75.45,31.88,22.93,1293.23
245,Friday,Neutral,117.32,63.15,76.08,17.56,66.12,75.51,31.83,22.91,1292.49
246,Monday,Neutral,117.94,62.92,74.45,17.51,65.98,75.56,31.85,22.92,1293.27
247,Tuesday,Neutral,118.34,62.97,78.05,18.04,66.07,75.55,31.87,22.91,1299.43
248,Wednesday,Neutral,117.51,63.02,77.35,18.24,66.03,75.39,31.87,22.92,1294.13
249,Thurday,Neutral,118.4,63.5,76.0,18.19,66.24,75.23,31.91,22.92,1289.75
250,Friday,Neutral,119.9,63.82,75.63,18.12,66.01,75.39,31.89,22.91,1288.18
251,Monday,Negative,120.34,63.52,74.79,18.14,66.01,75.34,31.9,22.92,1286.22
252,Tuesday,Negative,120.75,63.87,73.19,18.2,65.98,75.18,31.93,22.93,1294.86
253,Wednesday,Negative,122.87,63.71,70.97,18.11,66.13,75.06,31.92,22.93,1297.42
254,Thurday,Negative,122.89,64.17,69.14,17.72,65.86,75.16,31.91,22.92,1265.95
255,Friday,Negative,121.74,64.63,68.01,17.96,65.49,75.37,31.86,22.92,1281.55
256,Monday,Negative,121.19,64.78,68.38,17.96,65.36,75.46,31.86,22.91,1299.88
257,Tuesday,Negative,120.35,64.55,69.88,17.88,65.44,75.39,31.85,22.92,1282.79
258,Wednesday,Negative,120.23,64.57,73.33,17.17,65.73,75.23,31.84,22.91,1290.07
259,Thurday,Negative,119.6,64.11,73.18,16.55,65.8,75.19,31.84,22.91,1278.22
260,Friday,Negative,119.91,63.93,72.82,15.88,65.76,75.1,31.83,22.89,1269.94
261,Monday,Negative,119.13,64.41,70.69,15.81,65.89,75.11,31.84,22.89,1257.46
262,Tuesday,Negative,118.84,65.04,70.54,15.69,66.09,74.91,31.85,22.89,1280.94
263,Wednesday,Negative,118.45,65.65,70.91,15.72,65.99,74.94,31.82,22.9,1265.38
264,Thurday,Negative,117.43,65.24,74.28,15.86,65.99,74.92,31.83,22.9,1262.99
265,Friday,Negative,117.42,64.92,73.7,15.89,65.74,75.04,31.83,22.89,1270.15
266,Monday,Negative,118.59,65.35,74.42,16.21,65.77,75.08,31.84,22.9,1254.72
267,Tuesday,Negative,118.99,65.32,74.1,16.63,65.72,75.1,31.87,22.9,1249.1
268,Wednesday,Negative,119.67,65.62,77.24,16.75,65.86,75.17,31.87,22.9,1245.87
269,Thurday,Negative,120.06,65.47,77.84,16.97,65.87,75.17,31.86,22.92,1271.34
270,Friday,Negative,120.92,65.69,76.26,16.84,65.87,75.27,31.81,22.9,1249.52
271,Monday,Negative,119.3,65.67,77.16,17.06,65.89,75.28,31.81,22.91,1248.15
272,Tuesday,Negative,120.09,65.84,77.29,17.05,66.07,75.1,31.85,22.91,1250.31
273,Wednesday,Negative,120.78,66.05,76.98,17.2,65.94,75.16,31.84,22.91,1244.82
274,Thurday,Negative,120.76,66.38,77.74,16.67,66.17,75.09,31.85,22.92,1265.24
275,Friday,Negative,122.39,65.93,75.65,15.93,65.97,75.32,31.84,22.91,1264.07
276,Monday,Negative,119.77,65.98,75.91,16.17,66.0,75.34,31.83,22.91,1256.02
277,Tuesday,Negative,120.32,65.81,75.21,16.46,65.8,75.37,31.82,22.93,1268.06
278,Wednesday,Negative,120.6,65.68,74.86,16.93,65.72,75.52,31.81,22.94,1287.41
279,Thurday,Negative,120.31,65.62,74.21,17.74,65.61,75.46,31.81,22.94,1272.68
280,Friday,Negative,120.11,65.91,72.77,18.56,65.41,75.67,31.76,22.94,1285.78
281,Monday,Negative,119.1,65.42,71.05,18.76,65.36,75.8,31.75,22.94,1296.45
282,Tuesday,Negative,118.24,65.09,72.33,18.84,65.34,75.88,31.77,22.94,1294.91
283,Wednesday,Negative,118.24,65.92,71.95,19.03,65.23,76.02,31.78,22.94,1281.17
284,Thurday,Negative,117.76,65.77,70.55,18.91,65.16,75.96,31.81,22.95,1294.78
285,Friday,Negative,118.13,66.17,67.07,18.77,65.28,75.73,31.8,22.95,1304.71
286,Monday,Negative,117.7,66.44,64.98,18.94,65.3,75.76,31.79,22.95,1288.58
287,Tuesday,Negative,117.73,66.43,64.12,19.11,65.33,75.75,31.82,22.95,1279.87
288,Wednesday,Negative,118.97,66.33,65.17,19.34,65.46,75.59,31.81,22.94,1307.87
289,Thurday,Negative,119.24,66.64,64.54,19.12,65.65,75.67,31.81,22.96,1296.5
290,Friday,Negative,118.06,67.2,64.43,18.82,65.69,75.64,31.77,22.95,1262.89
291,Monday,Negative,118.45,66.96,65.78,17.97,65.54,75.61,31.78,22.94,1257.66
292,Tuesday,Negative,118.86,67.09,65.19,17.55,65.45,75.69,31.81,22.94,1259.68
293,Wednesday,Negative,118.74,67.55,64.93,17.06,65.66,75.36,31.81,22.92,1270.71
294,Thurday,Negative,118.83,67.4,64.17,17.4,65.78,75.31,31.81,22.92,1264.05
295,Friday,Negative,120.01,67.99,63.24,17.52,65.83,75.31,31.79,22.89,1295.54
296,Monday,Negative,120.17,68.14,64.22,17.3,65.74,75.32,31.78,22.88,1287.39
297,Tuesday,Negative,119.89,68.39,64.75,17.52,65.76,75.46,31.76,22.87,1290.34
298,Wednesday,Negative,121.52,68.63,65.13,17.52,65.73,75.66,31.77,22.88,1308.18
299,Thurday,Negative,120.1,68.56,65.62,17.66,65.88,75.55,31.77,22.88,1309.3
300,Friday,Negative,121.09,68.66,65.67,17.67,65.93,75.68,31.71,22.84,1269.97
301,Monday,Negative,120.82,68.41,67.28,17.83,65.78,75.67,31.69,22.83,1281.25
302,Tuesday,Negative,120.21,68.29,66.43,17.21,65.89,75.71,31.7,22.85,1285.27
303,Wednesday,Negative,120.31,68.09,67.35,17.1,65.81,75.64,31.68,22.86,1274.14
304,Thurday,Negative,119.43,68.59,66.93,16.9,65.88,75.76,31.67,22.86,1292.59
305,Friday,Negative,118.6,68.88,65.7,16.98,65.82,75.68,31.66,22.85,1309.97
306,Monday,Negative,118.67,68.75,65.49,17.22,65.97,75.7,31.68,22.86,1301.03
307,Tuesday,Negative,118.12,68.34,65.52,17.34,65.81,75.68,31.71,22.87,1276.95
308,Wednesday,Negative,117.33,68.37,66.22,17.29,65.78,75.83,31.71,22.86,1248.08
309,Thurday,Negative,116.79,68.88,67.08,17.47,65.87,75.77,31.71,22.85,1245.0
310,Friday,Negative,115.89,68.61,66.48,16.71,65.63,76.23,31.67,22.8,1235.65
311,Monday,Negative,115.73,68.32,65.82,16.82,65.53,76.51,31.69,22.81,1233.3
312,Tuesday,Negative,115.33,67.87,65.56,16.9,65.73,76.47,31.69,22.82,1192.17
313,Wednesday,Negative,115.06,67.81,62.42,17.46,65.79,76.33,31.71,22.82,1191.77
314,Thurday,Negative,116.07,67.61,61.85,17.44,65.64,76.3,31.73,22.82,1172.84
315,Friday,Negative,116.4,67.24,61.73,17.41,65.46,76.38,31.73,22.81,1166.83
316,Monday,Negative,116.47,67.06,61.77,17.59,65.28,76.67,31.73,22.81,1199.62
317,Tuesday,Negative,116.05,66.64,60.54,17.18,65.6,76.16,31.74,22.84,1199.03
318,Wednesday,Negative,116.53,66.15,59.65,17.47,65.42,76.35,31.75,22.85,1213.95
319,Thurday,Negative,117.05,65.77,60.64,17.59,65.45,76.29,31.75,22.85,1219.54
320,Friday,Negative,117.08,65.67,59.88,17.66,65.42,76.35,31.75,22.84,1230.5
321,Monday,Negative,119.28,65.7,60.45,16.92,65.36,76.47,31.76,22.86,1232.61
322,Tuesday,Negative,119.43,65.54,60.95,16.85,65.52,76.54,31.78,22.85,1230.25
323,Wednesday,Negative,118.68,65.42,60.71,17.04,65.76,76.44,31.77,22.86,1247.1
324,Thurday,Negative,119.07,65.19,61.99,16.88,65.82,76.18,31.76,22.86,1226.82
325,Friday,Negative,119.0,64.57,62.17,16.45,65.79,76.07,31.71,22.86,1216.97
326,Monday,Negative,120.7,64.92,61.43,16.15,65.95,76.23,31.71,22.86,1224.6
327,Tuesday,Negative,119.8,65.34,61.56,16.08,65.9,76.21,31.71,22.87,1227.13
328,Wednesday,Negative,120.61,65.04,61.47,16.0,65.82,76.24,31.7,22.88,1259.08
329,Thurday,Negative,120.79,65.49,60.73,16.29,65.71,76.42,31.73,22.88,1260.09
330,Friday,Negative,121.03,65.53,60.36,16.37,65.67,76.65,31.69,22.87,1259.15
331,Monday,Negative,121.27,65.95,59.69,16.32,65.78,76.54,31.71,22.86,1264.68
332,Tuesday,Negative,120.81,65.26,58.7,16.15,65.7,76.7,31.72,22.87,1241.0
333,Wednesday,Negative,120.63,65.56,58.5,15.64,65.64,76.51,31.7,22.88,1264.62
334,Thurday,Negative,119.87,65.6,58.39,15.51,65.61,76.42,31.7,22.86,1259.56
335,Friday,Negative,121.01,65.1,58.77,15.91,65.87,76.25,31.69,22.85,1269.79
336,Monday,Negative,120.38,64.78,59.98,15.97,65.79,76.0,31.67,22.84,1256.75
337,Tuesday,Negative,120.3,64.8,59.78,15.84,65.95,75.97,31.66,22.85,1235.31
338,Wednesday,Negative,120.69,66.02,60.31,15.96,65.94,75.94,31.68,22.85,1234.07
339,Thurday,Negative,120.95,65.95,61.08,15.3,65.96,76.03,31.69,22.87,1230.46
340,Friday,Negative,121.12,66.24,61.16,14.61,65.98,75.95,31.68,22.87,1238.77
341,Monday,Negative,122.0,66.67,61.93,14.21,66.0,75.64,31.69,22.88,1230.7
342,Tuesday,Negative,122.72,66.69,60.52,14.28,65.92,75.63,31.69,22.89,1269.74
343,Wednesday,Negative,121.72,66.77,59.69,14.19,65.82,75.65,31.69,22.89,1272.0
344,Thurday,Negative,122.83,66.95,59.31,14.39,65.91,75.58,31.68,22.89,1253.7
345,Friday,Negative,123.2,67.38,59.82,14.42,65.72,75.73,31.68,22.88,1252.67
346,Monday,Negative,123.04,67.7,59.54,14.36,65.83,75.78,31.69,22.89,1274.67
347,Tuesday,Negative,122.82,67.28,57.1,14.18,65.91,75.86,31.69,22.88,1277.0
348,Wednesday,Negative,123.35,67.19,55.06,13.62,65.9,75.52,31.68,22.9,1261.3
349,Thurday,Negative,124.29,67.37,55.57,13.14,65.83,75.4,31.71,22.88,1252.92
350,Friday,Negative,124.43,67.87,55.7,12.81,65.85,75.47,31.67,22.87,1264.93
351,Monday,Neutral,123.71,67.57,56.73,12.96,65.76,75.64,31.66,22.88,1271.07
352,Tuesday,Neutral,122.19,67.28,56.08,13.21,65.59,75.82,31.66,22.88,1268.27
353,Wednesday,Neutral,122.97,67.19,57.24,13.28,65.46,75.8,31.67,22.89,1274.24
354,Thurday,Neutral,122.94,67.94,58.62,13.39,65.31,75.92,31.68,22.88,1271.46
355,Friday,Neutral,122.54,67.93,59.24,13.47,65.51,75.73,31.63,22.88,1279.89
356,Monday,Neutral,123.3,67.8,60.0,13.64,65.46,75.82,31.62,22.89,1279.14
357,Tuesday,Neutral,123.45,67.98,58.47,13.68,65.35,75.89,31.61,22.86,1274.33
358,Wednesday,Neutral,124.15,68.26,57.31,14.11,65.31,75.79,31.62,22.86,1273.44
359,Thurday,Neutral,122.77,68.45,57.84,14.69,65.14,76.02,31.62,22.86,1273.48
360,Friday,Neutral,121.77,68.04,57.38,14.58,65.12,75.92,31.61,22.83,1276.7
361,Monday,Neutral,123.19,67.71,57.72,14.25,65.26,75.84,31.61,22.84,1281.19
362,Tuesday,Neutral,125.15,68.13,59.77,14.33,65.11,75.78,31.61,22.84,1283.73
363,Wednesday,Neutral,124.34,67.68,58.54,14.4,65.09,75.7,31.64,22.84,1279.98
364,Thurday,Neutral,124.68,67.31,57.96,14.68,65.13,75.51,31.66,22.83,1280.52
365,Friday,Neutral,123.67,67.87,58.05,14.62,64.94,75.59,31.63,22.83,1279.26
366,Monday,Neutral,123.48,68.09,58.4,14.8,65.03,75.47,31.63,22.82,1279.92
367,Tuesday,Neutral,121.65,68.23,58.99,14.93,65.35,75.57,31.63,22.81,1278.54
368,Wednesday,Neutral,121.37,68.04,59.19,14.94,65.34,75.47,31.64,22.82,1275.66
369,Thurday,Neutral,121.12,68.52,59.63,14.68,65.37,75.39,31.66,22.84,1286.32
370,Friday,Neutral,121.19,67.63,60.76,14.53,65.37,75.45,31.64,22.83,1285.09
371,Monday,Neutral,120.68,68.09,60.79,13.83,65.37,75.2,31.63,22.84,1277.92
372,Tuesday,Neutral,120.1,68.25,60.12,13.82,65.62,74.96,31.65,22.85,1276.36
373,Wednesday,Neutral,120.07,68.3,58.66,13.9,65.61,75.06,31.64,22.87,1281.14
374,Thurday,Neutral,118.67,69.23,57.66,13.81,65.63,75.07,31.68,22.86,1283.26
375,Friday,Neutral,117.97,69.06,56.85,13.76,65.7,74.89,31.67,22.85,1279.98
376,Monday,Neutral,118.35,68.36,56.87,13.79,65.76,74.99,31.68,22.88,1284.32
377,Tuesday,Neutral,119.46,68.45,57.38,13.59,65.74,75.16,31.7,22.88,1293.6
378,Wednesday,Neutral,120.44,68.25,55.7,13.94,65.95,75.02,31.73,22.87,1287.99
379,Thurday,Neutral,120.15,68.07,54.79,14.18,66.07,74.98,31.76,22.86,1288.21
380,Friday,Neutral,120.5,68.27,54.7,14.29,66.23,74.86,31.74,22.85,1291.38
381,Monday,Neutral,119.64,67.9,55.93,14.26,66.05,75.1,31.74,22.86,1296.6
382,Tuesday,Neutral,120.51,67.95,56.74,14.19,66.14,75.1,31.76,22.87,1298.08
383,Wednesday,Neutral,120.69,67.98,56.99,14.29,66.03,75.1,31.77,22.87,1302.21
384,Thurday,Neutral,120.62,67.79,56.0,14.36,66.08,75.08,31.76,22.88,1297.9
385,Friday,Neutral,120.05,67.59,55.41,14.46,65.98,75.12,31.73,22.88,1304.27
386,Monday,Neutral,119.02,68.07,53.11,15.03,66.05,74.98,31.73,22.9,1300.97
387,Tuesday,Neutral,118.59,67.92,50.74,15.17,66.03,74.9,31.71,22.9,1293.11
388,Wednesday,Neutral,118.38,68.04,49.4,15.49,66.14,74.82,31.72,22.87,1293.83
389,Thurday,Neutral,118.45,68.62,48.97,15.85,66.13,74.94,31.69,22.87,1294.12
390,Friday,Neutral,118.46,68.66,46.76,15.93,66.18,74.85,31.68,22.85,1290.36
391,Monday,Neutral,118.35,68.24,46.87,15.93,66.32,74.58,31.68,22.86,1288.41
392,Tuesday,Neutral,119.55,68.5,47.27,16.09,66.15,74.72,31.68,22.85,1290.13
393,Wednesday,Neutral,118.98,68.45,46.25,16.45,66.12,74.88,31.68,22.86,1288.46
394,Thurday,Neutral,117.53,68.4,47.35,16.91,66.15,74.88,31.68,22.86,1285.99
395,Friday,Neutral,118.1,68.37,47.96,17.03,66.27,74.73,31.68,22.84,1289.36
396,Monday,Neutral,118.13,67.97,48.46,16.99,66.09,74.93,31.69,22.85,1291.9
397,Tuesday,Neutral,119.53,67.83,47.09,16.92,65.99,75.04,31.71,22.86,1288.11
398,Wednesday,Neutral,118.61,68.01,48.05,16.78,65.88,75.07,31.72,22.87,1288.18
399,Thurday,Neutral,119.42,67.82,48.93,16.76,65.82,75.0,31.71,22.87,1285.62
400,Friday,Neutral,119.26,67.97,50.07,16.81,65.74,75.1,31.67,22.82,1286.73
401,Monday,Neutral,121.31,68.13,51.61,17.03,65.72,75.18,31.67,22.81,1289.86
402,Tuesday,Neutral,121.4,67.82,53.98,17.26,65.6,75.15,31.67,22.8,1294.05
403,Wednesday,Neutral,121.31,67.93,53.41,17.95,65.44,75.11,31.67,22.81,1292.62
404,Thurday,Neutral,120.91,67.96,52.97,17.51,65.42,75.1,31.68,22.83,1293.99
405,Friday,Neutral,120.72,68.07,53.24,17.32,65.47,75.19,31.66,22.82,1291.03
406,Monday,Neutral,120.83,68.61,53.15,17.21,65.53,75.12,31.66,22.84,1294.67
407,Tuesday,Neutral,120.46,69.28,53.7,17.35,65.4,75.38,31.66,22.84,1296.12
408,Wednesday,Neutral,120.33,69.53,53.74,17.41,65.46,74.97,31.65,22.85,1295.27
409,Thurday,Neutral,119.76,69.71,54.1,17.16,65.48,75.08,31.64,22.85,1297.1
410,Friday,Neutral,119.62,69.91,54.19,17.69,65.41,75.16,31.64,22.84,1290.04
411,Monday,Neutral,121.38,69.8,53.0,17.66,65.38,75.21,31.65,22.84,1286.21
412,Tuesday,Neutral,120.95,69.48,52.8,17.81,65.36,75.28,31.65,22.85,1286.45
413,Wednesday,Neutral,120.53,69.85,51.18,17.93,65.35,75.34,31.64,22.86,1291.85
414,Thurday,Neutral,119.82,70.39,50.91,18.38,65.28,75.44,31.67,22.86,1289.69
415,Friday,Neutral,119.17,70.01,51.75,18.59,65.22,75.23,31.65,22.85,1291.27
416,Monday,Neutral,119.03,69.42,51.24,19.08,65.22,75.23,31.68,22.86,1296.27
417,Tuesday,Neutral,118.75,69.4,50.01,18.45,65.1,75.46,31.68,22.86,1293.68
418,Wednesday,Neutral,119.91,69.74,50.51,18.3,65.03,75.58,31.69,22.87,1295.54
419,Thurday,Neutral,119.46,69.7,50.03,18.3,64.98,75.62,31.72,22.87,1293.45
420,Friday,Neutral,118.59,69.21,50.37,18.86,65.02,75.71,31.69,22.87,1302.26
421,Monday,Neutral,119.43,69.46,50.5,18.92,64.93,75.6,31.7,22.87,1303.11
422,Tuesday,Neutral,119.67,69.94,50.32,19.01,65.12,75.48,31.71,22.88,1306.75
423,Wednesday,Neutral,120.47,70.0,51.37,19.2,65.39,75.3,31.72,22.87,1304.2
424,Thurday,Neutral,120.16,69.47,49.09,19.26,65.2,75.45,31.72,22.88,1305.54
425,Friday,Neutral,120.49,70.11,48.69,19.13,65.28,75.43,31.67,22.88,1303.71
426,Monday,Neutral,120.39,70.88,48.2,18.42,65.22,75.51,31.65,22.86,1309.18
427,Tuesday,Neutral,120.61,71.54,48.38,17.74,65.06,75.42,31.66,22.87,1304.29
428,Wednesday,Neutral,121.39,71.14,46.44,17.9,65.04,75.52,31.67,22.87,1312.51
429,Thurday,Neutral,120.76,70.58,44.49,17.81,64.74,75.72,31.68,22.86,1313.53
430,Friday,Neutral,121.88,70.33,43.0,17.73,64.69,75.63,31.67,22.83,1316.24
431,Monday,Neutral,123.08,70.73,42.85,17.66,64.7,75.6,31.67,22.82,1313.77
432,Tuesday,Neutral,122.59,71.23,42.39,17.77,64.7,75.68,31.65,22.83,1315.14
433,Wednesday,Neutral,122.78,71.82,41.85,17.74,64.76,75.78,31.64,22.83,1316.19
434,Thurday,Neutral,123.48,71.0,41.35,17.58,64.88,75.62,31.65,22.84,1316.41
435,Friday,Neutral,123.21,70.82,41.75,17.68,64.87,75.36,31.63,22.83,1318.31
436,Monday,Neutral,122.91,70.35,41.14,18.14,64.79,75.2,31.61,22.83,1312.87
437,Tuesday,Neutral,123.33,70.25,40.37,18.02,64.7,75.22,31.61,22.84,1301.39
438,Wednesday,Neutral,124.15,70.12,40.02,17.86,64.74,75.13,31.61,22.85,1304.68
439,Thurday,Neutral,123.63,70.53,40.33,17.68,65.02,74.96,31.61,22.85,1298.71
440,Friday,Neutral,123.71,70.74,40.27,17.48,64.81,75.3,31.59,22.8,1301.3
441,Monday,Neutral,124.91,71.07,41.39,17.55,64.77,75.28,31.6,22.8,1295.64
442,Tuesday,Neutral,124.09,71.39,40.19,17.62,64.86,75.14,31.62,22.79,1293.72
443,Wednesday,Neutral,124.27,71.91,40.24,17.73,65.03,75.27,31.62,22.79,1303.41
444,Thurday,Neutral,123.73,71.98,40.51,17.54,65.2,75.2,31.64,22.8,1310.48
445,Friday,Neutral,123.98,72.66,39.47,17.62,65.13,75.32,31.63,22.76,1310.81
446,Monday,Neutral,124.82,72.49,39.39,18.07,65.26,75.32,31.64,22.77,1308.87
447,Tuesday,Neutral,123.84,72.23,39.19,18.14,65.29,75.48,31.64,22.78,1313.05
448,Wednesday,Neutral,124.46,71.86,38.67,18.06,65.3,75.33,31.65,22.77,1304.17
449,Thurday,Neutral,125.67,71.51,38.55,17.32,65.13,75.48,31.65,22.78,1310.53
450,Friday,Neutral,125.16,71.33,37.63,17.41,65.34,75.38,31.63,22.76,1308.34
451,Monday,Neutral,122.97,70.62,37.75,17.18,65.31,75.32,31.64,22.76,1305.03
452,Tuesday,Neutral,123.66,70.7,37.58,16.94,65.46,75.05,31.61,22.75,1305.64
453,Wednesday,Neutral,122.63,69.98,37.21,16.88,65.37,75.3,31.62,22.75,1303.29
454,Thurday,Neutral,122.85,70.11,36.3,16.73,65.34,75.31,31.62,22.75,1300.54
455,Friday,Neutral,121.47,70.19,36.22,16.83,65.52,75.37,31.61,22.74,1304.44
456,Monday,Neutral,121.3,70.24,36.12,17.08,65.58,75.51,31.62,22.73,1304.49
457,Tuesday,Neutral,121.69,69.57,35.5,16.89,65.33,75.52,31.62,22.74,1301.53
458,Wednesday,Neutral,121.42,69.41,35.52,17.44,65.34,75.39,31.61,22.75,1303.35
459,Thurday,Neutral,120.66,69.12,35.4,17.38,65.25,75.33,31.62,22.74,1306.02
460,Friday,Neutral,122.8,68.84,36.19,17.63,65.27,75.22,31.57,22.73,1309.54
461,Monday,Neutral,122.48,68.91,35.6,17.7,65.4,75.15,31.56,22.73,1308.58
462,Tuesday,Neutral,122.74,68.05,35.07,17.9,65.57,74.85,31.59,22.73,1305.67
463,Wednesday,Neutral,122.55,68.14,34.53,17.89,65.31,74.99,31.62,22.73,1310.58
464,Thurday,Neutral,122.26,68.64,34.15,17.77,65.3,75.09,31.63,22.74,1310.26
465,Friday,Neutral,121.6,69.08,33.8,17.66,65.4,74.96,31.59,22.73,1314.12
466,Monday,Neutral,121.09,69.06,33.27,17.61,65.54,74.85,31.6,22.73,1308.42
467,Tuesday,Neutral,120.94,68.98,33.07,17.66,65.5,74.99,31.61,22.74,1304.29
468,Wednesday,Neutral,121.77,69.07,32.92,17.1,65.59,74.96,31.6,22.74,1305.35
469,Thurday,Neutral,121.27,68.67,34.3,16.89,65.61,75.21,31.6,22.75,1306.91
470,Friday,Neutral,121.71,68.09,34.34,16.91,65.58,75.23,31.57,22.73,1309.68
471,Monday,Neutral,122.16,68.33,34.12,17.47,65.6,75.14,31.59,22.75,1314.97
472,Tuesday,Neutral,122.23,67.98,33.98,17.76,65.77,75.26,31.62,22.75,1321.1
473,Wednesday,Neutral,122.11,67.42,34.18,18.49,65.83,74.98,31.62,22.76,1319.88
474,Thurday,Neutral,123.11,67.8,34.37,18.55,65.6,75.12,31.63,22.77,1320.32
475,Friday,Neutral,122.6,67.6,34.17,18.93,65.49,75.09,31.61,22.74,1324.09
476,Monday,Neutral,122.4,67.73,34.22,19.66,65.45,75.02,31.6,22.73,1325.45
477,Tuesday,Neutral,122.24,67.46,34.24,19.73,65.39,75.03,31.59,22.74,1326.17
478,Wednesday,Neutral,122.27,67.3,34.16,20.02,65.42,75.02,31.63,22.73,1335.2
479,Thurday,Neutral,122.66,67.49,34.08,19.77,65.44,74.67,31.63,22.73,1340.91
480,Friday,Neutral,122.62,67.18,34.02,19.85,65.34,74.88,31.59,22.71,1333.79
481,Monday,Neutral,122.47,67.55,33.86,19.45,65.47,75.02,31.58,22.7,1331.68
482,Tuesday,Neutral,121.64,67.77,33.92,19.46,65.35,74.99,31.59,22.71,1330.58
483,Wednesday,Neutral,121.26,67.32,33.71,19.37,65.31,75.13,31.62,22.72,1338.76
484,Thurday,Neutral,120.8,66.71,33.68,19.97,65.29,75.17,31.65,22.75,1332.03
485,Friday,Neutral,120.08,66.82,33.33,19.88,65.27,75.17,31.64,22.73,1334.76
486,Monday,Neutral,120.52,67.2,32.97,20.28,65.17,75.29,31.63,22.72,1336.01
487,Tuesday,Neutral,120.18,68.06,32.99,20.0,64.77,75.5,31.63,22.74,1333.69
488,Wednesday,Neutral,119.96,67.71,33.15,20.19,64.66,75.56,31.65,22.75,1337.37
489,Thurday,Neutral,120.18,67.11,32.53,20.3,64.76,75.43,31.66,22.75,1336.17
490,Friday,Neutral,119.82,67.39,32.01,20.53,64.87,75.34,31.64,22.73,1329.7
491,Monday,Neutral,119.1,67.2,31.99,20.73,64.9,75.28,31.65,22.73,1324.97
492,Tuesday,Neutral,120.27,66.92,31.45,21.05,64.93,75.42,31.66,22.73,1330.92
493,Wednesday,Neutral,120.02,66.3,32.31,21.22,64.8,75.37,31.68,22.72,1328.6
494,Thurday,Neutral,118.55,66.53,32.36,21.22,64.66,75.25,31.69,22.74,1334.5
495,Friday,Neutral,117.64,66.66,32.23,21.57,64.5,75.49,31.65,22.72,1335.34
496,Monday,Neutral,118.35,66.87,32.86,21.29,64.46,75.58,31.66,22.74,1328.13
497,Tuesday,Neutral,119.31,67.34,33.14,20.95,64.47,75.81,31.68,22.74,1321.49
498,Wednesday,Neutral,119.83,67.43,33.5,20.74,64.5,75.8,31.69,22.73,1323.47
499,Thurday,Neutral,120.4,67.72,34.0,20.7,64.75,75.49,31.71,22.73,1330.28
500,Friday,Neutral,119.83,67.63,33.13,20.39,64.61,75.46,31.69,22.72,1330.11
501,Monday,Positive,118.6,66.92,33.84,19.96,64.42,75.55,31.71,22.71,1327.49
502,Tuesday,Positive,119.3,66.82,33.7,19.9,64.45,75.7,31.72,22.72,1325.75
503,Wednesday,Positive,120.23,66.89,33.83,19.96,64.14,76.0,31.72,22.73,1325.02
504,Thurday,Positive,120.24,67.38,34.23,19.55,64.33,75.77,31.72,22.74,1325.27
505,Friday,Positive,120.63,68.01,33.93,19.56,64.37,75.95,31.71,22.73,1321.36
506,Monday,Positive,121.48,68.22,34.07,19.48,64.25,76.03,31.7,22.72,1318.38
507,Tuesday,Positive,122.14,69.01,34.41,20.3,64.27,75.96,31.7,22.74,1313.64
508,Wednesday,Positive,121.88,69.04,34.4,20.19,64.25,75.86,31.69,22.76,1312.31
509,Thurday,Positive,122.58,68.49,34.62,20.45,64.07,76.05,31.69,22.77,1301.65
510,Friday,Positive,122.22,,33.93,20.3,64.05,76.16,31.65,22.76,1300.73
511,Monday,Positive,121.15,68.84,33.43,20.65,64.0,76.09,31.64,22.77,1306.34
512,Tuesday,Positive,121.36,68.28,33.66,20.7,63.86,76.02,31.65,22.77,1308.63
513,Wednesday,Positive,121.52,68.71,33.82,20.02,63.77,76.1,31.65,22.78,1299.95
514,Thurday,Positive,122.05,68.91,33.83,20.13,63.84,76.12,31.64,22.8,1309.16
515,Friday,Positive,122.18,68.56,32.96,20.04,63.74,76.2,31.62,22.78,1323.31
516,Monday,Positive,120.76,68.5,32.85,20.02,63.93,76.06,31.64,22.78,1310.09
517,Tuesday,Positive,120.56,68.42,32.83,19.84,63.92,76.14,31.64,22.77,1320.63
518,Wednesday,Positive,119.66,68.13,32.9,19.68,64.05,75.91,31.64,22.77,1328.79
519,Thurday,Positive,121.43,68.38,32.78,19.18,64.06,75.99,31.64,22.78,1324.73
520,Friday,Positive,122.51,67.85,31.98,19.37,63.95,76.11,31.63,22.77,1308.98
521,Monday,Positive,121.89,67.83,31.28,19.5,63.95,76.1,31.63,22.78,1315.91
522,Tuesday,Positive,122.42,68.22,30.39,19.36,63.95,76.13,31.63,22.78,1326.42
523,Wednesday,Positive,123.09,68.02,30.11,19.49,63.84,76.02,31.62,22.79,1335.68
524,Thurday,Positive,122.97,68.02,30.36,19.32,63.91,76.11,31.64,22.8,1346.23
525,Friday,Positive,122.71,67.83,30.48,19.12,64.14,75.92,31.59,22.76,1356.93
526,Monday,Positive,123.28,67.71,30.42,19.26,64.19,75.87,31.59,22.77,1358.21
527,Tuesday,Positive,124.45,67.65,31.08,19.53,64.1,75.95,31.6,22.78,1368.77
528,Wednesday,Positive,124.89,67.92,31.09,19.81,64.06,75.97,31.6,22.78,1381.58
529,Thurday,Positive,124.64,68.48,31.93,19.87,63.97,75.87,31.61,22.78,1384.9
530,Friday,Positive,124.86,68.31,32.19,19.89,63.91,76.07,31.6,22.77,1376.29
531,Monday,Positive,124.65,68.12,32.35,19.87,63.96,76.13,31.61,22.77,1394.97
532,Tuesday,Positive,124.75,68.06,32.06,20.06,63.9,75.99,31.63,22.76,1395.84
533,Wednesday,Positive,125.05,67.8,32.21,20.39,63.97,75.89,31.64,22.78,1385.45
534,Thurday,Positive,124.17,67.9,32.38,21.05,63.88,75.82,31.64,22.78,1395.62
535,Friday,Positive,124.88,67.98,32.33,20.99,63.98,75.91,31.6,22.77,1409.16
536,Monday,Positive,125.44,67.92,31.96,21.06,64.14,76.07,31.62,22.77,1414.89
537,Tuesday,Positive,124.62,67.43,31.03,20.14,64.05,76.04,31.63,22.75,1420.31
538,Wednesday,Positive,124.39,67.51,30.82,20.16,63.94,76.34,31.61,22.76,1432.87
539,Thurday,Positive,124.73,67.52,31.1,19.67,63.79,76.44,31.65,22.77,1424.76
540,Friday,Positive,124.73,67.58,32.08,19.45,63.89,76.12,31.64,22.75,1426.6
541,Monday,Positive,125.02,67.6,32.51,18.55,64.01,76.2,31.65,22.76,1421.88
542,Tuesday,Positive,125.55,67.84,32.11,17.69,64.03,76.06,31.65,22.76,1430.83
543,Wednesday,Positive,125.29,66.87,31.43,17.24,64.15,76.05,31.65,22.78,1431.13
544,Thurday,Positive,125.67,67.1,30.8,16.92,64.3,75.9,31.67,22.81,1454.93
545,Friday,Positive,126.88,67.59,30.54,16.84,64.06,76.03,31.66,22.8,1460.37
546,Monday,Positive,127.04,67.74,30.71,16.91,64.14,75.78,31.66,22.79,1452.92
547,Tuesday,Positive,128.19,68.6,30.79,16.8,64.03,75.68,31.69,22.79,1441.15
548,Wednesday,Positive,127.6,68.78,30.73,16.75,64.11,75.36,31.68,22.78,1459.29
549,Thurday,Positive,126.1,68.79,30.88,16.48,64.26,75.13,31.68,22.78,1476.92
550,Friday,Positive,126.77,68.39,31.68,16.47,64.35,75.02,31.66,22.76,1481.42
551,Monday,Positive,126.79,68.4,31.74,16.48,64.25,75.01,31.69,22.77,1481.87
552,Tuesday,Positive,126.67,67.92,31.59,16.5,64.29,74.9,31.68,22.78,1490.75
553,Wednesday,Positive,127.54,67.58,31.94,16.4,64.3,74.81,31.69,22.78,1488.24
554,?,Positive,127.09,68.26,31.3,16.3,64.3,74.79,31.72,22.8,1455.79
555,Friday,Positive,125.71,67.91,31.6,16.71,64.43,74.51,31.69,22.8,1444.73
556,Monday,Positive,124.69,67.75,31.3,16.83,64.47,74.52,31.67,22.79,1444.2
557,Tuesday,Positive,126.21,67.15,30.99,16.89,64.37,74.45,31.66,22.78,1449.0
558,Wednesday,Positive,127.27,67.87,31.04,17.22,64.37,74.55,31.67,22.78,1454.04
559,Thurday,Positive,127.53,68.21,31.7,16.98,64.4,74.62,31.67,22.79,1462.81
560,Friday,Positive,127.16,68.37,31.41,16.96,64.16,74.96,31.66,22.78,1453.97
561,Monday,Positive,128.6,68.4,31.8,17.45,64.27,74.81,31.67,22.8,1448.72
562,Tuesday,Positive,127.34,68.62,31.96,17.56,64.1,74.94,31.68,22.8,1445.88
563,Wednesday,Positive,127.14,68.65,31.41,16.97,64.17,74.86,31.68,22.8,1453.5
564,Thurday,Positive,126.74,68.23,31.78,17.34,64.1,74.94,31.69,22.8,1439.25
565,Friday,Positive,126.36,68.46,31.46,17.17,64.1,75.03,31.65,22.78,1431.1
566,Monday,Positive,125.94,68.58,30.27,16.81,64.24,74.9,31.62,22.79,1439.72
567,Tuesday,Positive,124.73,68.03,29.98,16.78,64.33,74.72,31.63,22.78,1437.71
568,Wednesday,Positive,124.67,67.95,30.21,16.62,64.48,74.41,31.62,22.78,1441.51
569,Thurday,Positive,124.82,67.98,30.8,16.62,64.37,74.39,31.63,22.79,1427.58
570,Friday,Positive,126.6,67.87,31.74,16.81,64.47,74.21,31.6,22.78,1433.39
571,Monday,Positive,126.6,68.25,31.9,16.85,64.58,74.17,31.61,22.78,1447.39
572,Tuesday,Positive,126.65,68.15,33.04,16.9,64.67,74.32,31.62,22.77,1456.27
573,Wednesday,Positive,126.14,68.54,32.15,17.04,64.58,74.33,31.63,22.78,1462.59
574,Thurday,Positive,125.06,68.89,32.27,16.91,64.81,74.27,31.64,22.77,1466.63
575,Friday,Positive,123.99,69.06,31.72,16.81,64.62,74.5,31.61,22.75,1471.96
576,Monday,Positive,124.36,69.01,32.49,16.73,64.62,74.55,31.6,22.75,1478.16
577,Tuesday,Positive,123.36,68.62,33.04,16.84,64.74,74.4,31.6,22.76,1501.01
578,Wednesday,Positive,124.08,68.6,32.91,17.19,64.87,74.41,31.63,22.78,1517.59
579,Thurday,Positive,122.82,68.45,32.19,17.2,64.72,74.32,31.62,22.79,1518.86
580,Friday,Positive,123.15,68.59,32.54,16.93,64.77,74.4,31.62,22.79,1522.07
581,Monday,Positive,122.93,68.73,33.96,16.81,64.62,74.6,31.62,22.79,1522.82
582,Tuesday,Positive,121.96,68.57,34.54,16.53,64.66,74.74,31.62,22.81,1514.24
583,Wednesday,Positive,121.35,68.66,34.33,16.63,64.8,74.51,31.64,22.82,1519.04
584,Thurday,Positive,120.28,68.96,33.99,16.64,65.04,74.24,31.65,22.81,1517.28
585,Friday,Positive,121.36,69.16,34.7,16.43,64.96,74.14,31.61,22.79,1528.2
586,Monday,Positive,121.61,69.01,35.35,16.36,64.88,74.15,31.64,22.79,1527.48
587,Tuesday,Positive,122.17,69.03,36.5,16.55,64.82,74.13,31.65,22.78,1530.65
588,Wednesday,Positive,122.06,69.23,36.78,16.65,64.76,74.01,31.64,22.79,1538.58
589,Thurday,Positive,123.37,69.96,36.54,16.53,64.86,73.98,31.64,22.81,1533.28
590,Friday,Positive,123.05,70.38,36.26,16.69,65.03,73.83,31.63,22.79,1541.42
591,Monday,Positive,122.63,70.76,36.33,16.78,64.98,73.85,31.65,22.8,1531.47
592,Tuesday,Positive,122.96,70.91,37.04,16.67,65.16,73.73,31.68,22.81,1535.09
593,Wednesday,Positive,123.21,71.6,37.41,16.71,65.21,73.78,31.66,22.79,1526.6
594,Thurday,Positive,122.94,71.94,37.32,17.1,65.34,73.49,31.66,22.79,1514.69
595,Friday,Positive,122.55,71.97,38.18,16.87,65.39,73.36,31.65,22.75,1516.72
596,Monday,Positive,122.94,71.68,38.12,17.09,65.43,73.36,31.65,22.76,1508.4
597,Tuesday,Positive,123.7,71.23,37.93,17.06,65.38,73.31,31.67,22.77,1493.23
598,Wednesday,Positive,123.9,70.96,37.84,17.2,65.5,73.12,31.67,22.76,1481.32
599,Thurday,Positive,124.31,71.82,38.1,17.29,65.61,73.19,31.69,22.76,1471.8
600,Friday,Positive,124.7,72.06,38.35,17.35,65.6,73.16,31.68,22.74,1472.87
601,Monday,Positive,125.7,72.55,39.69,17.32,65.52,73.02,31.67,22.74,1458.55
602,Tuesday,Positive,125.55,72.24,39.15,17.32,65.51,72.95,31.68,22.73,1448.02
603,Wednesday,Positive,126.3,72.42,39.44,17.47,65.78,72.69,31.68,22.74,1449.71
604,Thurday,Positive,126.82,72.42,39.34,17.58,65.81,72.76,31.68,22.75,1462.64
605,Friday,Positive,126.32,72.79,39.86,17.27,66.01,72.74,31.67,22.74,1454.8
606,Monday,Positive,126.47,72.98,39.0,17.37,66.06,72.87,31.69,22.76,1457.08
607,Tuesday,Positive,127.33,73.08,39.16,17.65,66.19,72.8,31.7,22.76,1468.44
608,Wednesday,Positive,127.67,73.54,40.46,17.85,66.16,72.64,31.71,22.77,1472.17
609,Thurday,Positive,127.86,72.69,41.77,17.9,66.03,72.38,31.71,22.74,1485.98
610,Friday,Positive,127.84,72.85,42.13,17.51,65.89,72.36,31.69,22.72,1493.83
611,Monday,Positive,126.47,72.89,41.95,17.64,65.93,72.1,31.69,22.73,1485.16
612,Tuesday,Positive,126.13,72.88,41.28,17.79,66.01,72.19,31.72,22.74,1500.46
613,Wednesday,Positive,126.27,72.64,41.19,18.11,66.1,72.15,31.71,22.76,1506.08
614,Thurday,Positive,125.28,72.78,42.57,17.91,66.24,72.05,31.73,22.74,1533.57
615,Friday,Positive,125.47,72.33,42.66,17.86,66.43,71.8,31.71,22.74,1538.55
616,Monday,Positive,125.9,72.41,42.55,17.75,66.46,71.69,31.72,22.74,1555.94
617,Tuesday,Positive,126.26,72.31,42.28,17.69,66.63,71.72,31.72,22.76,1565.35
618,Wednesday,Positive,125.38,72.21,42.48,17.32,66.8,71.64,31.72,22.76,1567.08
619,Thurday,Positive,126.41,71.76,41.73,17.23,66.89,71.59,31.72,22.76,1565.67
620,Friday,Positive,125.73,72.02,41.15,17.14,66.71,71.77,31.71,22.74,1570.93
621,Monday,Positive,126.2,71.71,40.02,17.06,66.72,71.7,31.71,22.76,1579.46
622,Tuesday,Positive,127.13,72.19,41.13,17.4,66.49,71.89,31.7,22.75,1576.51
623,Wednesday,Positive,128.11,72.86,40.62,17.7,66.44,71.7,31.71,22.75,1577.73
624,Thurday,Positive,128.93,72.36,40.19,18.41,66.31,71.78,31.71,22.77,1579.06
625,Friday,Positive,128.8,71.72,39.62,18.69,66.31,71.81,31.68,22.74,1577.42
626,Monday,Positive,129.27,72.08,39.31,18.79,66.5,71.61,31.67,22.75,1596.32
627,Tuesday,Positive,128.0,72.64,39.1,18.65,66.35,71.55,31.68,22.76,1609.08
628,Wednesday,Positive,128.23,72.83,39.41,18.72,66.11,71.74,31.7,22.76,1592.12
629,Thurday,Positive,128.17,73.16,39.5,18.42,66.18,72.0,31.71,22.77,1600.28
630,Friday,Positive,128.86,73.14,39.68,18.49,66.22,72.03,31.67,22.74,1601.92
631,Monday,Positive,130.03,73.04,39.39,18.32,66.09,71.98,31.67,22.76,1613.62
632,Tuesday,Positive,127.67,73.22,39.36,18.58,66.2,72.04,31.66,22.76,1610.33
633,Wednesday,Positive,128.42,72.98,39.98,18.75,66.2,71.92,31.67,22.75,1606.43
634,Thurday,Positive,127.47,72.0,39.97,18.41,66.25,71.94,31.68,22.77,1604.8
635,Friday,Positive,127.74,71.86,40.13,18.37,66.16,72.05,31.68,22.75,1592.55
636,Monday,Positive,128.81,72.1,39.13,18.04,66.05,71.98,31.69,22.74,1591.42
637,Tuesday,Positive,129.63,72.18,39.39,18.9,65.95,71.97,31.7,22.76,1606.6
638,Wednesday,Positive,128.42,72.24,39.53,19.81,66.0,72.0,31.7,22.77,1617.44
639,Thurday,Positive,129.1,72.34,40.18,19.74,66.21,71.96,31.72,22.78,1631.26
640,Friday,Positive,127.71,72.72,38.67,19.71,65.97,72.05,31.69,22.76,1629.84
641,Monday,Positive,127.51,72.46,38.53,19.44,65.85,72.22,31.68,22.74,1622.89
642,Tuesday,Positive,127.47,72.59,38.23,19.82,65.96,72.18,31.7,22.74,1606.1
643,Wednesday,Positive,127.32,72.35,38.33,19.52,65.81,72.21,31.71,22.75,1608.7
644,Thurday,Positive,127.99,72.03,38.74,19.49,65.8,72.31,31.74,22.75,1629.95
645,Friday,Positive,127.37,71.7,38.76,19.19,66.03,72.05,31.7,22.73,1645.58
646,Monday,Positive,128.05,71.62,38.8,19.49,66.02,71.84,31.71,22.74,1656.52
647,Tuesday,Positive,127.87,72.26,38.76,19.53,65.76,72.15,31.72,22.75,1672.33
648,Wednesday,Positive,127.81,72.52,38.41,19.67,65.73,72.16,31.71,22.75,1680.8
649,Thurday,Positive,127.3,71.74,37.46,19.55,65.88,72.08,31.69,22.76,1684.1
650,Friday,Positive,126.7,71.69,38.1,18.91,65.97,72.0,31.67,22.76,1693.77
651,Monday,Positive,125.99,70.84,37.27,18.11,65.99,72.09,31.66,22.76,1681.22
652,Tuesday,Positive,125.17,71.0,37.21,18.4,65.91,71.81,31.67,22.77,1667.81
653,Wednesday,Positive,125.33,70.78,36.6,18.5,66.04,71.63,31.67,22.77,1657.96
654,Thurday,Positive,124.43,70.5,36.46,18.22,66.21,71.73,31.68,22.78,1640.37
655,Friday,Positive,125.7,70.24,36.02,18.11,66.36,71.58,31.67,22.77,1644.91
656,Monday,Positive,126.43,70.19,35.99,18.43,66.08,71.78,31.67,22.77,1647.68
657,Tuesday,Positive,127.04,70.18,35.61,18.74,66.24,71.67,31.68,22.77,1650.56
658,Wednesday,Positive,128.24,70.35,36.97,19.16,66.12,71.73,31.7,22.79,1647.41
659,Thurday,Positive,129.6,70.21,37.11,19.3,66.31,71.68,31.69,22.8,1647.18
660,Friday,Positive,130.16,70.59,37.74,18.37,66.4,71.74,31.68,22.78,1637.14
661,Monday,Positive,130.2,70.42,37.89,17.64,66.34,71.83,31.66,22.78,1657.55
662,Tuesday,Positive,129.27,70.83,37.94,17.43,66.41,71.74,31.67,22.78,1670.71
663,Wednesday,Positive,128.83,71.09,37.43,17.86,66.33,71.98,31.69,22.79,1678.42
664,Thurday,Positive,127.64,70.63,35.95,17.86,66.58,71.99,31.67,22.79,1695.28
665,Friday,Positive,126.05,70.73,36.15,17.85,66.62,72.11,31.65,22.77,1692.42
666,Monday,Positive,124.65,70.92,35.6,17.77,66.73,72.11,31.67,22.76,1701.15
667,Tuesday,Positive,124.61,71.03,35.4,18.02,66.65,72.11,31.66,22.77,1704.68
668,Wednesday,Positive,125.03,70.23,35.33,18.85,66.82,72.01,31.66,22.78,1706.29
669,Thurday,Positive,127.04,70.43,35.28,19.73,66.95,71.94,31.67,22.8,1711.0
670,Friday,Positive,126.73,70.52,34.97,19.96,66.84,71.9,31.65,22.77,1716.8
671,Monday,Positive,125.59,70.73,35.18,20.26,66.81,71.84,31.66,22.78,1702.94
672,Tuesday,Positive,126.24,70.81,34.82,21.2,66.79,72.14,31.66,22.78,1721.24
673,Wednesday,Positive,125.32,70.67,34.69,21.99,67.0,72.17,31.69,22.78,1710.32
674,Thurday,Positive,125.24,70.19,33.88,22.46,66.87,72.37,31.7,22.79,1714.05
675,Friday,Positive,124.28,70.15,34.32,22.5,66.81,72.41,31.7,22.76,1710.68
676,Monday,Positive,124.4,70.23,35.63,22.56,66.85,72.42,31.72,22.76,1705.4
677,Tuesday,Positive,124.78,70.61,35.63,22.36,66.72,72.67,31.72,22.75,1698.95
678,Wednesday,Positive,124.78,70.52,36.0,22.16,66.72,72.97,31.71,22.76,1693.34
679,Thurday,Positive,124.58,70.65,35.55,22.44,66.73,73.05,31.74,22.76,1691.45
680,Friday,Positive,125.53,70.83,34.85,22.02,66.71,73.2,31.72,22.73,1701.28
681,Monday,Positive,125.31,70.95,34.76,22.35,66.55,73.18,31.72,22.74,1711.4
682,Tuesday,Positive,124.91,70.93,34.11,22.28,66.42,73.24,31.72,22.75,1707.99
683,Wednesday,Positive,125.09,70.65,34.26,22.43,66.56,73.08,31.72,22.77,1740.15
684,Thurday,Positive,124.32,70.81,34.01,22.56,66.69,73.02,31.74,22.76,1739.26
685,Friday,Positive,123.76,70.82,34.41,22.23,66.76,73.11,31.73,22.73,1745.03
686,Monday,Positive,122.81,70.67,34.65,22.43,66.7,72.95,31.75,22.73,1747.57
687,Tuesday,Positive,121.17,70.62,34.29,22.21,66.47,72.99,31.74,22.73,1755.09
688,Wednesday,Positive,119.87,70.56,34.47,22.27,66.62,72.72,31.75,22.72,1743.53
689,Thurday,Positive,120.52,70.19,32.83,21.52,66.68,72.73,31.74,22.74,1739.59
690,Friday,Positive,120.58,70.02,32.52,21.83,66.83,72.52,31.71,22.72,1726.37
691,Monday,Positive,119.78,70.0,31.95,21.87,66.91,72.39,31.7,22.73,1727.72
692,Tuesday,Positive,120.66,69.69,31.61,21.82,66.99,72.34,31.7,22.73,1727.07
693,Wednesday,Positive,121.04,69.84,31.74,22.04,66.96,72.55,31.7,22.73,1736.97
694,Thurday,Positive,121.49,70.18,30.94,22.18,66.96,72.76,31.72,22.74,1736.05
695,Friday,Positive,122.67,69.58,31.63,22.58,67.15,72.73,31.7,22.73,1747.26
696,Monday,Positive,123.99,69.09,31.61,22.6,67.25,72.71,31.73,22.71,1747.39
697,Tuesday,Positive,124.22,68.68,31.59,22.62,67.19,72.66,31.7,22.71,1773.85
698,Wednesday,Positive,124.71,68.81,30.14,22.84,67.22,72.55,31.72,22.71,1773.0
699,Thurday,Positive,124.67,69.09,30.31,23.05,67.25,72.64,31.71,22.71,1781.62
700,Friday,Positive,125.17,68.97,30.2,23.11,67.34,72.31,31.69,22.69,1770.3
701,Monday,Neutral,124.73,68.32,29.94,23.93,67.26,72.46,31.68,22.71,1771.9
702,Tuesday,Neutral,123.71,67.59,30.07,23.65,67.18,72.5,31.69,22.71,1785.39
703,Wednesday,Neutral,123.97,67.62,30.45,24.02,66.88,72.68,31.68,22.7,1774.07
704,Thurday,Neutral,123.93,67.86,31.07,23.72,66.96,72.57,31.68,22.69,1780.95
705,Friday,Neutral,124.64,67.38,30.85,23.33,66.99,72.46,31.67,22.68,1783.11
706,Monday,Neutral,124.55,67.21,30.43,23.58,66.82,72.6,31.67,22.69,1781.91
707,Tuesday,Neutral,123.96,66.45,30.31,23.77,66.61,72.61,31.67,22.68,1788.52
708,Wednesday,Neutral,124.32,66.27,29.97,23.53,66.64,72.79,31.66,22.7,1783.67
709,Thurday,Neutral,123.47,66.02,30.35,23.54,66.58,73.1,31.64,22.71,1780.19
710,Friday,Neutral,123.85,65.87,30.02,23.43,66.47,72.96,31.6,22.7,1779.61
711,Monday,Neutral,123.13,65.18,30.03,23.31,66.55,72.88,31.59,22.7,1786.83
712,Tuesday,Neutral,122.36,65.65,31.22,23.83,66.57,72.97,31.6,22.7,1781.57
713,Wednesday,Neutral,122.58,65.72,31.06,23.73,66.45,73.16,31.62,22.71,1783.22
714,Thurday,Neutral,122.02,65.56,31.9,24.47,66.34,73.5,31.64,22.72,1783.47
715,Friday,Neutral,121.93,66.09,32.04,24.44,66.13,73.71,31.64,22.71,1784.05
716,Monday,Neutral,121.38,66.38,31.99,24.22,66.42,73.53,31.66,22.71,1790.54
717,Tuesday,Neutral,121.22,66.54,32.64,24.27,66.43,73.65,31.65,22.7,1784.0
718,Wednesday,Neutral,121.11,66.79,34.07,25.02,66.34,73.89,31.67,22.71,1781.57
719,Thurday,Neutral,120.77,66.71,33.84,24.98,66.03,74.13,31.69,22.71,1778.41
720,Friday,Neutral,121.53,66.96,34.03,25.15,65.96,74.19,31.68,22.7,1783.89
721,Monday,Neutral,122.41,67.45,33.56,24.45,66.12,74.01,31.67,22.7,1794.37
722,Tuesday,Neutral,120.54,67.65,33.07,24.64,66.28,74.0,31.66,22.71,1796.37
723,Wednesday,Neutral,121.44,67.59,33.83,24.22,66.42,73.67,31.66,22.72,1800.35
724,Thurday,Neutral,120.85,67.69,33.94,24.19,66.28,73.75,31.68,22.72,1802.92
725,Friday,Neutral,120.2,67.88,32.54,24.61,66.3,73.87,31.68,22.71,1802.4
726,Monday,Neutral,120.38,67.5,32.45,24.54,66.18,73.96,31.67,22.71,1800.63
727,Tuesday,Neutral,120.28,67.85,32.24,25.53,66.29,74.06,31.67,22.69,1795.06
728,Wednesday,Neutral,119.74,68.42,31.66,25.7,66.42,73.75,31.69,22.72,1807.97
729,Thurday,Neutral,120.67,68.02,31.6,26.05,66.66,73.58,31.7,22.72,1807.98
730,Friday,Neutral,122.11,68.16,31.67,26.09,66.82,73.42,31.69,22.7,1808.1
731,Monday,Neutral,120.94,67.99,31.45,26.09,66.66,73.71,31.68,22.7,1810.03
732,Tuesday,Neutral,120.74,67.56,31.41,25.78,66.68,73.66,31.66,22.7,1808.53
733,Wednesday,Neutral,120.92,67.35,31.35,25.25,66.5,73.72,31.66,22.7,1806.14
734,Thurday,Neutral,121.04,67.25,31.05,24.11,66.61,73.56,31.66,22.7,1806.85
735,Friday,Neutral,120.78,67.5,31.0,24.33,66.68,73.38,31.66,22.69,1810.09
736,Monday,Neutral,119.67,67.62,31.0,24.03,66.7,73.66,31.67,22.7,1808.83
737,Tuesday,Neutral,119.06,67.44,31.7,24.17,66.68,73.76,31.67,22.71,1816.33
738,Wednesday,Neutral,116.99,67.15,32.22,24.38,66.58,73.68,31.68,22.72,1807.61
739,Thurday,Neutral,117.77,66.66,32.25,24.34,66.61,73.72,31.69,22.73,1810.09
740,Friday,Neutral,118.42,66.85,31.81,24.7,66.48,73.5,31.68,22.71,1817.2
741,Monday,Neutral,118.0,66.67,31.34,24.91,66.35,73.76,31.7,22.72,1818.91
742,Tuesday,Neutral,117.49,66.25,31.1,24.86,66.3,73.81,31.68,22.71,1812.81
743,Wednesday,Neutral,116.66,66.75,31.26,24.43,66.42,73.69,31.69,22.7,1815.05
744,Thurday,Neutral,116.88,66.36,30.6,23.9,66.48,73.58,31.71,22.7,1811.02
745,Friday,Neutral,116.33,66.39,30.04,24.31,66.39,73.65,31.71,22.68,1814.4
746,Monday,Neutral,117.16,65.65,29.65,24.3,66.33,73.53,31.71,22.68,1822.46
747,Tuesday,Neutral,117.06,65.65,29.34,24.16,66.43,73.5,31.71,22.69,1833.02
748,Wednesday,Neutral,116.87,65.02,28.89,24.33,66.27,73.67,31.74,22.69,1829.48
749,Thurday,Neutral,116.94,64.49,29.25,24.54,66.28,73.64,31.75,22.7,1827.91
750,Friday,Neutral,114.8,65.02,29.44,24.51,66.46,73.7,31.72,22.66,1825.61
