Date,A,ABT,ADBE,ADM,ADP,AES,AFL,AKAM,AOS,MMM
1/2000,-0.09303532236210617,-0.07436477642625018,-0.19290690275039346,-0.02327027881197519,-0.10149676516046487,0.11052783324296499,-0.032901616846883905,-0.2810295795371524,-0.09707992952916672,-0.008818488903813187
2/2000,0.47323151324913515,0.014013193521243927,0.6473290357559948,-0.15840513462329914,-0.08947748617248878,0.04724397162034033,-0.1788973478170438,0.04989917598336495,-0.14210767164530025,-0.056044410808971885
3/2000,0.0010985291920939046,0.05860225199336273,0.07999537372163365,0.022406948876519818,0.09516125438992956,-0.05688602582359865,0.20092626949766668,-0.44304404252079194,0.038858032693285256,0.0038741831157052447
4/2000,-0.17681667208465557,0.10317267083471314,0.0916618718990494,-0.0409404165918979,0.12059550975286727,0.14681963086404373,0.07615362505808587,-0.5375808391072133,0.15406438107547096,-0.02444873166417071
5/2000,-0.17700099349107193,0.054301423473609854,-0.06850343741705214,0.17967383960256145,0.02083511858766321,-0.028958603506783188,0.05629195573425659,-0.3750429411343928,0.020096370852723002,-0.0035239658136200606
6/2000,0.0016191946967414055,0.0868366528315176,0.13767176497228775,-0.18711739725065382,-0.023823421529861433,0.042787727678157986,-0.11257329604729513,0.5497557144829468,-0.0035575555322875764,-0.031113654678027985
7/2000,-0.6228859525070486,-0.07010883649392756,-0.13330791927213015,-0.047891200760379504,-0.08149521444503147,0.16596015490305144,0.12889703379961334,-0.42968378494599846,-0.2651086184672707,0.08574636559644193
8/2000,0.36833804525774655,0.0485331918784905,0.11591992980185237,-0.005665474859721748,0.16900685672926824,0.15954448339862012,0.037141537422316344,-0.03899250290074582,-0.021483925078384706,0.03497321844599516
9/2000,-0.23134649312449426,0.08735502786477582,0.1865542575782982,-0.024441588662701498,0.12168755346535685,0.0775000111327133,0.18829415815872114,-0.3820418532100566,-0.2374304764434771,-0.021561836509551176
10/2000,-0.052626276655459894,0.10364821324204081,-0.019409959603924554,0.2321747902330303,-0.0225668718990054,-0.18405626433872485,0.11713583927340783,-0.027953970202876308,0.12109531884227986,0.055941229664537226
11/2000,0.11943131031803193,0.041721123857814214,-0.18248600879760288,0.1522177555592973,0.010471466838121272,-0.0854040425967473,-0.0362652600254044,-0.5731878654809665,0.16296086021567996,0.03923000762121784
12/2000,0.050331197414250434,-0.13460508340688937,-0.08966870080317887,0.17064459874097646,-0.042015868821681665,0.06855582695926751,0.026700249097919522,-0.32670073708731817,0.027274734809245898,0.19711699457020468
1/2001,-0.00365972282941232,-0.07235012287847521,-0.28638502895193285,-0.0013277294592225185,-0.05607400850259533,0.03991535418004386,-0.2020687093343751,0.321954475234995,-0.0015681868894534233,-0.08527755085855422
2/2001,-0.4593460572431164,0.0973403565172489,-0.45052006600363703,0.008848217187167544,-0.015994780641443024,-0.07252183711305735,0.023380873729376375,-0.5967521199400401,0.10117397596803177,0.026620316547371913
3/2001,-0.15108511428235155,-0.03573274759492899,0.17701204724450584,-0.12882138631062212,-0.07615966024749032,-0.07369629499219851,-0.08421119011599587,-0.6511316270946863,0.050686276402013196,-0.07802817477117532
4/2001,0.2505075023910205,-0.013615408737225316,0.2629122005788114,-0.10399613796240713,-0.0025131045888007815,-0.049266393149660054,0.15101839773767003,0.10355364362041035,-0.01508803840694844,0.14256758498442484
5/2001,-0.14421204792622985,0.1088091864809563,-0.11623552473752624,0.12329367876776386,-0.009015598926032577,-0.046572333101586115,0.0202958908342013,0.08499039285909331,-0.12063910843889501,0.0014047931210262976
6/2001,-0.03149861840207507,-0.07965816916312131,0.16732197436690463,-0.03390118729298823,-0.07634088486830895,-0.053150367287569056,-0.0294141299073413,-0.11802503786993211,0.060449604076565425,-0.03851272168111862
7/2001,-0.12748357840835434,0.11451002802179189,-0.22607335739923276,0.025719974291800188,0.024839926304090557,-0.11691178347158813,-0.06257143846985554,-0.1693343945106916,-0.013749590655381543,-0.019648234700134302
8/2001,-0.0699495681242802,-0.06880415650268602,-0.09975061565021992,0.05073638317117608,0.014401026790611575,-0.13267700291907622,-0.06420891138803356,-0.557166692122107,-0.03612260614498538,-0.060709546300181355
9/2001,-0.42583764414259206,0.05928904777573374,-0.47194333612548445,-0.09042435397747194,-0.13103634295186434,-1.3287836287942536,-0.02670638022151601,-0.5170333645075844,0.05618626186567563,-0.078835436881945
10/2001,0.11893773008800546,0.023334304213549185,0.08778347436644392,0.09234740600300748,0.08553915642336458,0.07055948738552567,-0.0902063346412493,0.07525207937917021,-0.08809617945584115,0.05386715880922123
11/2001,0.20254714769037047,0.03741850088674798,0.1948688664675973,0.10302964316520678,0.0709780614620148,0.17628674981106218,0.11550423196231847,0.6003654596837983,0.12367298459897921,0.09838915392370924
12/2001,0.0466909161923107,0.014220944580105324,-0.03384251924710753,-0.07346625874747592,0.06524442606463232,-0.010861653706942538,-0.11489516215414938,0.03231020999156831,0.09106876923604798,0.03274880989540918
1/2002,0.06254130541248189,0.03818889208153758,0.08189897367260425,-0.02898757795024506,-0.08685726407473335,-0.18784120524881337,0.06158203093955307,-0.25348125703716073,0.24476790714610552,-0.06293272616970717
2/2002,0.028756735673271652,-0.022251388479680473,0.08457654839166481,-0.003033095656121911,-0.026724568951874608,-1.0670768526711933,-0.01575118035865571,-0.43503731914326194,-0.0843482506936193,0.0729644354422756
3/2002,0.12115978464073174,-0.07602928079974199,0.1075428458201671,0.006047708120509884,0.10738473328920163,0.5841029225636073,0.1447939920965209,0.2642552520929939,0.10856774556621122,-0.026326365946322025
4/2002,-0.1444629150039774,0.028308634283450304,-0.007850556788631738,-0.04633266970192977,-0.13020467411583475,-0.1100457632665646,0.01285600033960901,-0.5323906256567267,0.1955943708066191,0.08559800953011583
5/2002,-0.12469726177503168,-0.12154052176470659,-0.09696864463247448,0.09142798583673364,0.020065514947671205,-0.1932700489070732,0.07148940523530461,-0.12924986487776666,-0.040758315570578164,0.0018606768810791102
6/2002,-0.11430732418522417,-0.2440165266509432,-0.24771706426978984,-0.13537354929439255,-0.18219834807826546,-0.198837761714114,-0.005236359311850086,-0.4523221004108482,0.04854201726001061,-0.020541718631618574
7/2002,-0.21502083868974203,0.09750284214185488,-0.16563104684631316,-0.0850256933894856,-0.14813042609808588,-0.9280624416037201,-0.01776421014934531,-0.1948183112068771,-0.07374950498989165,0.021713590089210196
8/2002,-0.3251300077449575,-0.03235253502262042,-0.16768117757508594,0.04394247000713015,0.012208771484453028,0.369806742233648,-0.02278640137923187,-0.10458206284747376,0.054836232611573346,-0.0020959117091137835
9/2002,-0.02933376084696618,0.009660328181969826,-0.05288746927970017,0.027207743447453095,-0.0837493248660977,-0.19422271273907973,0.0027410457737230072,-0.14178810593134739,-0.07244226845971617,-0.13409149831658335
10/2002,0.047008124013637076,0.037971822799240204,0.19470812213243435,0.07761929265428238,0.1839369663284828,-0.3189289666212021,-0.007468418515191818,0.14231647071733075,-0.23036662865688254,0.13102780092030303
11/2002,0.361986902197111,0.046838420479690675,0.23358992902449188,-0.01800688359742024,0.02295476190366272,0.18945833601600146,0.016109634032448944,0.7908233896649042,0.20324513124544472,0.02889576659330551
12/2002,-0.07764131625632902,-0.09029790374115393,-0.17456308425902994,-0.07232068858925693,-0.09923502603253906,0.3538406555594859,-0.023947051742507042,-0.17458453548974326,0.013417920030269034,-0.05175907340999401
1/2003,-0.08599960731465665,-0.0422149130871625,0.06375042441755811,-0.028631980837165096,-0.12407607952151178,0.13889795257938675,0.07266036875151499,-0.2629424450339862,-0.03288871357026987,0.010086958673734953
2/2003,-0.24529164909162926,-0.0749727247299585,0.04428194152485494,-0.10536071894535923,-0.07143842659062742,-0.048841285468215645,-0.03713334212836167,0.15483492559390524,-0.00896640410099912,0.013029060522792416
3/2003,-0.0037953783352823317,0.05436272434934459,0.1146960200338509,-0.009216556439525417,-0.05008769253810846,0.08650900384624041,0.02527815027984576,-0.08167803598753795,0.038802753371619106,0.03649618978751309
4/2003,0.19741608610685235,0.08336377314774404,0.11334017505909037,0.025595370711627694,0.08822901373318894,0.5069508472464599,0.020383266039142676,0.5401778909777082,0.11145775164470138,-0.031165928192833328
5/2003,0.12373017319091302,0.09210546504586135,0.022620922365373445,0.08278672493684872,0.03706858532267254,0.27596630244514825,0.008202376984376225,0.4136955991692641,0.06365845994301889,0.00870973737445942
6/2003,0.07540734480819106,-0.017892053792463156,-0.09612285602927195,0.07249563656321308,-0.02680077201824534,-0.22093615842518452,-0.06788647449495674,0.2669774195320418,-0.12129053568319068,0.01965175632204353
7/2003,0.10091326063624483,-0.09843938981386481,0.019445195692532693,0.01981837049099166,0.08671349895586654,-0.009062131807667887,0.0404180470316696,-0.04079880852246555,0.16799210463361952,0.07962148000683268
8/2003,0.11260518310387962,0.026400043608257474,0.170900868353208,0.058485230002597983,0.07354963451338564,0.029759293588014952,0.000367358263255197,-0.09618394387463702,0.07188228916369047,0.020640791897767203
9/2003,-0.09526905373644888,0.05432834316507747,0.014632152662607303,-0.05635332044912766,-0.10422111081090792,0.13545856932776124,0.009018831278132248,0.030771686454467612,-0.24817562663514467,-0.030863675440578713
10/2003,0.10923738061600025,0.006817673484660102,0.09605943297265242,0.08251652245836533,0.046908812303382744,0.1505376709943939,0.11111441643680174,0.557482478149385,0.11595700863112958,0.12114337592834391
11/2003,0.1397980046263367,0.040231814632910985,-0.06368009159980396,1.6104408540148868e-05,0.014257972860572472,0.015055020842978542,-0.01303998794047114,0.584012107675138,0.11561293957824278,0.007113258045316559
12/2003,0.03186541195690878,0.05047239999919384,-0.05297140115985716,0.060184272617021015,0.03731755086220921,0.05945007247633562,0.005556350568233654,-0.20944550691634567,-0.002448100482639941,0.06973013555284258
1/2004,0.2431688188172192,-0.07666403918343367,-0.020826417008193224,0.0299246417999354,0.08010209519015074,0.03500338748500256,0.02012136008662293,0.19452320728239128,-0.11683515526626172,-0.07603934761350244
2/2004,-0.08310925113344368,-0.007206833069026151,-0.030723830606508774,0.10860396676234235,-0.007783856872878502,-0.08225740592806138,0.10907419457681983,0.16830238243023263,-0.0039029755853586916,-0.010089408198256784
3/2004,-0.07105919663943072,-0.03700622616851526,0.04921045774449638,-0.017688075360625707,-0.00676068559494066,-0.05503806828272212,-0.010628593710816621,-0.12573368195895895,-0.06540774009935023,0.0439784384165393
4/2004,-0.15789908015335807,0.0749667125206618,0.05446885615258722,0.04008686443267295,0.042192569592726256,0.016279526413848614,0.05075769778158049,-0.1041773968411776,0.03710127250285705,0.05478099157073818
5/2004,-0.05220195058975166,0.0006350108949727712,0.07634859393979318,-0.05247196036421558,0.01475599787958568,0.07815952807244878,-0.03880185318302903,0.2385488425345652,-0.01592309361996741,-0.019016791835433994
6/2004,0.13041381780704253,-0.010979903894484127,0.04134303129512608,0.008979306518248943,-0.05598169306049208,0.061254321345918974,0.005158544799555128,0.18891714125208406,0.07645855527732881,0.06245944024768642
7/2004,-0.20679906937979517,-0.028748729398937786,-0.09750613847686647,-0.08387343403263992,0.0023856368010503216,-0.028603141736624198,-0.029087905970420047,-0.1842175254463383,-0.09602567863492156,-0.08882119564086428
8/2004,-0.14287743458573476,0.05513978544743494,0.08005293717205877,0.03732770271708,-0.051622774360254337,0.04256066220025253,0.013366477330661769,-0.09964837920996207,-0.15481883342718597,0.004377426712836517
9/2004,0.0508786492769888,0.015943385434235475,0.07581932530343988,0.06132421113587401,0.04164639017426959,-0.009960423731491811,-0.022444724782135758,0.04364331748837226,-0.002870640339514492,-0.02944751635522719
10/2004,0.14996966641089782,0.012636860763703999,0.12452074714788615,0.13168975656629783,0.048882586582042975,0.08717841809099058,-0.0887519484095881,-0.01433714917890181,0.09208002846140509,-0.030471271583146976
11/2004,-0.09057258705446787,-0.015841491156349155,0.0777474311496149,0.09392349022069682,0.04814224792727807,0.11594609420362109,0.049909880441365094,-0.06718948675930235,0.12420963371582323,0.03011973518812349
12/2004,0.049170085901769876,0.10113996993149162,0.03395704443881931,0.048713574952101345,-0.021794714922359668,0.10547211093593717,0.05472920455768519,0.005878660988819746,-0.0035002906313943965,0.029289436211038605
1/2005,-0.09049093197168094,-0.03152996316450526,-0.10258907466482083,0.08538309177410765,-0.020802570512543514,0.02878984302267425,-0.008733628018671334,0.005625783117742082,-0.0980378810624074,0.028897076455361683
2/2005,0.09065776094848657,0.02356044453385638,0.09040901490129705,-0.000750737080828128,-0.013298222811686779,0.19361850879619488,-0.0304421888739222,-0.1921038970463083,-0.03436718739612956,1.9142808773003658e-05
3/2005,-0.0744176376847151,0.012987798378932595,0.08049574532375224,0.01882489514750979,0.046649691905221696,-0.020751626227293943,-0.0270253426310678,0.13855934121916558,0.08972222803098348,0.019696324717746905
4/2005,-0.06754610164469765,0.05880804953990597,-0.12175468777389548,-0.31211715157960085,-0.03417044576348948,-0.018485233554751436,0.0870786110899125,-0.0750147108699776,-0.007253111106863224,-0.11383720490217072
5/2005,0.14592403697053577,-0.018891963092459045,0.1078124735822769,0.1027499447989601,0.008253142228879275,-0.0768861118662777,0.024619648824632433,0.17296373014074756,0.09562920256908243,0.00781959944347077
6/2005,-0.040192881481101714,0.015116701551002669,-0.1397272884684208,0.07087672438303413,-0.03734771826963412,0.09103628426552733,0.038939042835541594,-0.06396475799313588,-0.15319972155209396,-0.055770033852775465
7/2005,0.13746755666271537,-0.04647684092004027,0.03713687401221487,0.07394756789210294,0.05933501827004839,-0.021370001530897388,0.04325070971007719,0.15853997478671372,0.017496906538371305,0.03849766005029939
8/2005,0.18574823356559106,-0.029854547883923832,-0.08382423438507891,-0.013512976660003803,-0.034782518819341815,-0.017807874174233254,-0.03656910096937666,-0.08977699773351962,0.037759107319016987,-0.04274849642891755
9/2005,0.018179404659065895,-0.06239881840515387,0.0988675675851438,0.09122274856851928,0.010387147242709486,0.04290374631553625,0.04700351869034389,0.14189585605789495,0.012711937497605054,0.030588538619844154
10/2005,-0.022854482183779518,0.021717758414545606,0.07733319062361516,-0.01182933523479878,0.08075782829762354,-0.03341875089895973,0.05330031992227126,0.08355716287960396,0.13272447391849373,0.03509092896621711
11/2005,0.10798083078134162,-0.13243664776431863,0.011100965276145531,-0.029819549297414455,0.0072600633968087054,-0.007580514298758768,0.0068276280539636205,0.1407142448630546,0.1170277256187223,0.03768927824370685
12/2005,-0.06877211303132105,0.04460152980927494,0.12521721348479461,0.04520723531423641,-0.019738384683463086,0.0037972713190302385,-0.033470757694638885,-0.001504075478127863,-0.03636771791012125,-0.012566053106916794
1/2006,0.01937572343792138,0.10156082461093323,0.07588385311701769,0.2570454889050231,-0.04582192437989382,0.07733942687661839,0.011920377948010265,0.09801412914353097,0.21929492036403134,-0.06641156480878609
2/2006,0.06610441237382308,0.02607300391603087,-0.03332421262160224,0.011274997142524048,0.05519452401744322,0.016737094749929685,-0.01357630596302365,0.21173724577296274,0.07941407689167754,0.019656335325443076
3/2006,0.03848875987982025,-0.036041837815133274,-0.0895125819083612,0.05392974228884323,-0.006441362314319621,-0.012755357300350805,-0.022382490770963992,0.19723922094260887,0.11994555408801286,0.025690249786391887
4/2006,0.02531583325363785,0.014761618385818064,0.12683809424987152,0.0850010686265156,-0.03940742697224883,-0.005846199705724764,0.05749967336748934,0.026562098697787938,-0.11508911480377534,0.13379372478314266
5/2006,-0.09199694781440258,-0.0008941662822822239,-0.29993887298665695,0.13051347782315453,0.029635389674263723,0.07722629302128445,-0.012415249338734408,-0.07054322836496371,-0.07253787432977608,-0.014910683219685573
6/2006,-0.09575032355071612,0.0201294906998168,0.05600402452363968,-0.0066825553392152294,0.0013492336608372504,0.0025904719003931546,-0.009222676031516835,0.13887129393015926,0.050957930852938864,-0.03355720845740314
7/2006,-0.10929862392406105,0.1026418349648407,-0.06601461476245633,0.06700244320404362,-0.03747423764662367,0.07732551652679712,-0.051297656228259325,0.09534381625185921,-0.07821749928854164,-0.1442832159722057
8/2006,0.11223762568984151,0.01760423981294194,0.11790794761678804,-0.05847045377164427,0.06909306757786375,0.061336583186300773,0.021790034497395323,-0.009961001121863143,-0.060546660928210344,0.022616924204959525
9/2006,0.017163556357332587,-0.0030227212236719984,0.15107555994495386,-0.0874511800415995,0.007205890283407509,-0.04288367293704766,0.01595283940749891,0.2553035653794902,-0.017953835302536584,0.0390958331964951
10/2006,0.08139971419795838,-0.014798354806701474,0.019921256437792346,0.015497190091954547,0.041431396620196896,0.07210961327103403,-0.017684428536092395,-0.06171954685611162,-0.10484389158425621,0.05507342909272923
11/2006,-0.05210486909100791,-0.0180523953360487,0.04872791131142974,-0.08967325670991215,-0.024778627877591018,0.060865241867215814,-0.013918702666863157,0.041999243321155955,0.01775958925338824,0.03835979484006047
12/2006,0.09484641720596046,0.045146996383419256,0.024804279766738213,-0.09840172880494452,0.027012007667457198,-0.06152353086424942,0.04333876532688341,0.08755928541651939,0.05068401069558396,-0.04651574846665328
1/2007,-0.0895832356141614,0.09477693734993893,-0.05908547167569931,0.001313171062725988,-0.0331365345545244,-0.061306350251305014,0.0361217283705073,0.058807709149998444,0.026504792826887596,-0.050085206019485455
2/2007,-0.008669027611674908,0.033277521021108855,0.010752803353290435,0.08196838306007193,0.0460458046708156,0.027823379716379736,-0.004341159651670881,-0.09463343285388282,0.008612768741476885,0.0036717708925048695
3/2007,0.05661251775021222,0.020402323607530925,0.05779744365078242,0.06316714663240196,-0.021751146662058404,0.00891252543691063,-0.0036442440612923627,-0.03104030500178755,-0.010679163663235286,0.029810137389857255
4/2007,0.020982149023236585,0.02131555708471182,-0.00353109521736732,0.055715929726205676,0.02469170677889871,0.02268538844381473,0.09139968528492215,-0.13063625504724766,0.0013407617657947358,0.0836754144011677
5/2007,0.10009917928084239,-0.004562743420519139,0.055758983574239994,-0.09175673134903169,0.09993107140760604,0.07269111760028248,0.031613056790818425,0.002810927075285505,0.029357869534704293,0.06338406878946037
6/2007,0.007048870331434672,-0.05096690858499329,-0.09292989414562715,-0.05725943293373292,-0.020261139509002234,-0.08116781116544605,-0.028008866497143306,0.09549523798001686,0.015155900230349281,-0.013391042769972591
7/2007,-0.0075725544166885626,-0.04872679846874669,0.00348084352946886,0.01529497198499128,-0.04321477622071001,-0.10749539745060475,0.01391062826875571,-0.35926289062540995,0.20020285586292502,0.024245309293056516
8/2007,-0.042873622222308824,0.021714857029005413,0.05411231924250313,0.00576794072117215,-0.013474198951089169,-0.07451610018830296,0.024177898623221058,-0.048022360688056674,-0.006606378977563797,0.025979724159148086
9/2007,0.014479489077689941,0.0358220926004769,0.023280326164549347,-0.02052349697326831,0.01030659143660487,0.11192533591515243,0.07474779542392637,-0.12671351211189733,-0.10378453510085225,0.03102118177445003
10/2007,-0.0007433662016873316,0.02235855801518492,0.08462378093718954,0.07163780498832371,0.06945084817574546,0.06037766350883497,0.08754585759865122,0.2834814835803083,-0.14173721553645105,-0.07330974291582244
11/2007,0.026247159595692078,0.05155884610388456,-0.12811814238023603,0.01897019879650865,-0.09518885972482509,0.020342893897716118,0.001249443405711377,-0.029257679219398043,-0.05497393560646551,-0.030664139299879805
12/2007,-0.030698351227613725,-0.025128771738793732,0.014599037303399636,0.2569891145774051,-0.005712801216828602,-0.022341142004726974,-0.00016745981472956103,-0.1000757729864936,-0.010136410048091501,0.013282944547242574
1/2008,-0.0816319050339046,0.0059557555156050995,-0.20155517138747706,-0.05421081543225613,-0.09288773203920406,-0.11375896665008016,-0.024896403640823482,-0.13601168831941193,0.003595010579326291,-0.056976561311810885
2/2008,-0.10595270889980349,-0.050342362825754806,-0.03919961442516236,0.02951408045444535,-0.016428841679333044,-0.0629001439734412,0.026506573462034267,0.15967047477511406,0.042347385379122,-0.010013755347787987
3/2008,-0.027102669014772457,0.030913098533807276,0.05885418249182065,-0.09598585314213881,0.06988657852631126,-0.07943179154486071,0.04188694277904762,-0.23310686973621994,-0.10797418626416057,0.009996900736265165
4/2008,0.012082901527699384,-0.03607457532673221,0.04453958243585234,0.06499061755275033,0.0399110177478372,0.03871488797576655,0.024949307537251907,0.22833399291542075,-0.052181788495981526,-0.027527594238715907
5/2008,0.21323022594386165,0.06601796044254359,0.16682715380057328,-0.10119269068295207,-0.026361869033806506,0.11521912252573169,0.010439286681145046,0.08773329067984766,0.15562716504591934,0.015015918458817936
6/2008,-0.05074461159622928,-0.061856642545215994,-0.11204041105512817,-0.16237075608914267,-0.02033001957701506,-0.013957136164270228,-0.06667560274877167,-0.11551284126852338,-0.09633454267817107,-0.10843120022278373
7/2008,0.013865184750601474,0.06488670823011158,0.046353131122227574,-0.15704719780997375,0.018276907191367184,-0.16621527300865113,-0.1160649008308647,-0.38101768289802596,0.18626263868121198,0.010910753617482083
8/2008,-0.03671696838263305,0.0191620094082815,0.03516644981080972,-0.11222910357583714,0.038355660358732474,-0.056065325111460444,0.023759383387042712,-0.01903173949389561,0.03635857613422708,0.024080516939909744
9/2008,-0.15866795387817828,0.00260818177328703,-0.08169791377684307,-0.15016515849558132,-0.0309354604483824,-0.2665016625382568,0.03551696129497317,-0.2723704447987245,-0.04928813295168357,-0.047039153535809355
10/2008,-0.26492652509604087,-0.03280448241649667,-0.3589421328113728,-0.05054773971159358,-0.18393319934891444,-0.3497405376306654,-0.2581703116869099,-0.17615173329980097,-0.19198773706783923,-0.055235743490803055
11/2008,-0.18147314496404598,-0.05674479579123862,-0.1547226689231147,0.313138815938415,0.1780750307216233,-0.039528353640353904,0.055673080375337206,-0.17538433413885346,0.040920914535544216,0.05323208906811157
12/2008,-0.17779311243912044,0.01769078232199136,-0.08036234583518628,0.04925774319477039,-0.03276118099974847,0.0659394304100944,-0.009530460376510562,0.19747157836754775,-0.09882293091584968,-0.14429564238228154
1/2009,0.15289487787704184,0.047532859302372055,-0.1024951757809424,-0.05418351751424763,-0.08357813623589096,-0.04291618271406398,-0.714602337550108,-0.11846647193449018,-0.0684222001273765,-0.0707624423643601
2/2009,-0.29298090228016205,-0.17457145926096887,-0.1605000198520541,-0.02402223962933556,-0.06839484947833407,-0.25153339750152653,-0.34576209259467505,0.32511562961319856,-0.08135198760367439,-0.17401429472234675
3/2009,0.0980214729246784,0.007231434881958191,0.2362640599316204,0.03928153214349188,0.036966723548816235,-0.07728916655194369,0.13765882909329732,0.06673584135631642,-0.013176658600849139,0.08550274076916363
4/2009,0.17229526050999178,-0.12171319418812607,0.24579304825581572,-0.1207568769248534,0.0011376403223227784,0.19628017549057045,0.40028635162280796,0.12667810567718002,0.21719982034666882,0.14711521877650588
5/2009,-0.0017262070797058335,0.07759809884858244,0.031390773208573496,0.12283410539062474,0.0806429981476752,0.3630103643809162,0.2255268476707497,0.01185381722844203,-0.037822950575708475,-3.840842987285981e-05
6/2009,0.10313380876999634,0.041048403629592306,0.004056112190597669,-0.02637543406320032,-0.05856576434751452,0.14345079442202222,-0.1266168617251701,-0.14258276116446356,0.07877642598933259,0.048877892672467324
7/2009,0.1278138197371777,-0.034086707804034375,0.12973578749551457,0.11254835721015609,0.04754683164108166,0.09239746181729994,0.1880539859529057,-0.14714381492345965,0.17770106785527048,0.15261902366212873
8/2009,0.10069856771450894,0.005319766316065828,-0.031330824572686725,-0.03858384549515625,0.029102394561913703,0.0665399791196375,0.07704449934378889,0.07045159386492585,-0.025685829885015048,0.029433876752973764
9/2009,0.08040193820354022,0.08960607054180983,0.050274341106769926,0.013436821175246198,0.033022795057303905,0.08077385778563914,0.05087471206121156,0.10943389115279092,0.0013134386403372954,0.023304479185526368
10/2009,-0.11234328253059817,0.02865949069033347,-0.0028935072443732664,0.02895717165606046,0.012067754220250939,-0.11994617887325856,-0.028333672869054326,0.10637411230788613,0.04208684223634603,-0.0029792124343363917
11/2009,0.16391782452125636,0.07839160136038173,0.06609071347379578,0.02839621751619996,0.09213098081833447,-0.02685151083316656,0.11563980152504391,0.0913619458391115,0.05898521740561918,0.06064886486101158
12/2009,0.06844947617159577,-0.008799354599948002,0.04517192236422763,0.015366635545220806,-0.0063676130420041634,0.04177961494092283,0.004551829810227061,0.05186078917727461,0.03289975686353817,0.06238267814743176
1/2010,-0.11380574398784458,-0.01366463999467164,-0.14355929299746906,-0.04834501269194619,-0.05368144655974488,-0.05796107410839759,0.0509058370143072,-0.028273633381125204,-0.01573214458975956,-0.029536535241574572
2/2010,0.12759310133126783,0.027628137923783696,0.07762325391353475,-0.01714487557550133,0.021999201683698816,-0.08548235091362762,0.02962530610569294,0.06937254466849294,0.06844042568888636,0.002555657207925698
3/2010,0.08130559093550657,-0.02731833877310889,0.018777837837862008,-0.014418532885512097,0.06783051994795801,-0.055548108388972006,0.08525809059859389,0.1624082707261838,0.13589636559394563,0.03815105367593886
4/2010,0.0529494813338092,-0.02088867605010527,-0.05133795146295562,-0.03378214301975601,-0.0250469012851079,0.047924114294833814,-0.063299043833774,0.21174855564357356,-0.014324761018548206,0.05923687575105148
5/2010,-0.11948243436207025,-0.0766142342582411,-0.04860784055401923,-0.09965095664517917,-0.06208372910035483,-0.12242210259870918,-0.14063414880433228,0.023794762960954684,-0.10717692305706128,-0.11055344241867925
6/2010,-0.12359211386378781,-0.01578443130426171,-0.18492704991725184,0.020552807058895017,-0.006654524107386551,-0.10088127958909646,-0.03578464863934368,0.020211545250725747,0.03161662430557764,-0.0038590896831822816
7/2010,-0.01774363821041176,0.05723917707848506,0.08309398010898782,0.057932694578385305,0.02477749548808713,0.10957252144152602,0.14219402082355873,-0.05601360376976984,0.13018486136502896,0.07966285977668427
8/2010,-0.03338617785212807,0.005043478641453951,-0.0345175850111779,0.11813760850735351,-0.06359614499709101,-0.0065030185266541154,-0.03279566800712007,0.1748218561064818,-0.05997655637584084,-0.07539564502527964
9/2010,0.2129316637486513,0.057113371648712725,-0.05758326481305329,0.03539344702847221,0.09347750430533003,0.10291630190365718,0.09019794076632513,0.08545457469624887,0.119879482213745,0.09883368067630605
10/2010,0.04196026243507027,-0.009511274060206663,0.07369816511119794,0.042925096007478736,0.0568813925225547,0.050676051246525564,0.07773462785665775,0.029260759841712752,-0.028946088651570244,-0.0291369120617325
11/2010,0.006301828365364522,-0.09841319393773859,-0.012511347781651054,-0.13422625011944955,0.0017959895464043502,-0.09942216684481418,-0.0762988374253299,0.010013572480412543,0.05359759937938295,0.0033983159462169033
12/2010,0.1604458402414637,0.02830902679209902,0.09720055939953384,0.035231972419506,0.0433550423994042,0.11389927332789898,0.08726361301679672,-0.09896730091131431,-0.03277005258524109,0.02601206019365462
1/2011,0.010088904718104684,-0.052366454568274566,0.07471421211910909,0.08672658589770564,0.03612570878812886,0.018796574274796054,0.02118306399693299,0.02796643236969872,0.12634424186718352,0.019527832060489077
2/2011,0.006585902801756149,0.06970947268548558,0.04745754722654805,0.14776155126896834,0.04742399990640303,-0.0026773608617211312,0.03016643280252518,-0.279305489499439,-0.0640409658341182,0.05952317531405474
3/2011,0.05678146544194268,0.01785755617771938,-0.03617021590467271,-0.029193886014548535,0.03009724323377949,0.04535597853498253,-0.09954832750386643,0.011363354835473745,0.08496517437611395,0.0124862634701063
4/2011,0.11388289793324763,0.07205410558912692,0.012277140762379688,0.02904432644159289,0.06063015243454514,0.01920747639091792,0.06573647560350686,-0.10359076718790892,-0.005385665997202703,0.040858063619203924
5/2011,-0.000801706350879847,0.004027286514595397,0.03168354858065006,-0.12798011927768277,0.013702704564358643,-0.021374783885074713,-0.15635332945643138,-0.014334066870328553,-0.058538210099483845,-0.0236668589811605
6/2011,0.023443936710288344,0.006735873381268719,-0.09194313722304552,-0.06899638502362265,-0.036538892634127434,-0.01634267398020264,-0.02243258350670335,-0.07212500599165758,0.01891632166168563,0.004741104456677302
7/2011,-0.20213366711846623,-0.016766295319515487,-0.13293596564846866,0.007979400910474872,-0.023990136138440813,-0.03605147577571371,-0.014039379497089666,-0.27494877845680393,-0.016917097052770898,-0.08901922610807024
8/2011,-0.12241521191015425,0.020930009396501727,-0.08524474964523185,-0.0537878196596415,-0.02626344546044712,-0.11442772411255948,-0.1750210723373909,-0.09027008010005813,-0.04930391725260483,-0.03852810112822245
9/2011,-0.16537894118630833,-0.026436666230507586,-0.0433178307328469,-0.13795546469217024,-0.05176245980919652,-0.10679398405434049,-0.07627252236803922,-0.09859732017534961,-0.2042977264447391,-0.14485430511159794
10/2011,0.1707888389617938,0.06115655154469971,0.19622254950565726,0.15397783820986838,0.1042356422229055,0.1394050590076442,0.25474249123033177,0.30389803179271513,0.15289504014209387,0.09595526880795249
11/2011,0.01153292285471312,0.012544132997585628,-0.07006207046101673,0.04585867346830594,-0.023980683890686763,0.07385349867573782,-0.02989808783681814,0.07057535994404032,0.05497314912033032,0.032283019694741996
12/2011,-0.07099464319181607,0.03033243675917818,0.03052851098147087,-0.05178265527974995,0.06318483302370397,-0.02006717137815464,-0.004152381070713666,0.11026025483544265,0.021668939792164964,0.008478326519187424
1/2012,0.2052244682702973,-0.030555549304707344,0.0951004276774181,0.0011009041502058805,0.014863790380439026,0.0785730213536414,0.11419017392439548,-0.0016276301594164426,0.06405101079964642,0.06210562008727123
2/2012,0.02805346305691866,0.04664846431509384,0.06383539875540657,0.09621875598125418,-0.008854434688678922,0.06384955668198451,-0.014360645966485227,0.11615231967338367,0.06423739016481113,0.017786580814483123
3/2012,0.021429494534585647,0.07582049142446182,0.040346970923052554,0.013970465104013757,0.022190511071062954,-0.03513180096430299,-0.025800214056821143,0.01838248114782075,-0.004448970474078243,0.017384308774389835
4/2012,-0.05645629739269656,0.02205186995827563,-0.02352005902995812,-0.02789398518514237,0.008149226558406669,-0.045141378617474935,-0.02191667506555346,-0.12470984223342642,0.06368266230603972,0.0017642125855596978
5/2012,-0.03503322711148287,-0.004162058994216043,-0.0739181451932801,0.03703585573174196,-0.061490725479670785,-0.0333604560119308,-0.10407776260654591,-0.10027855054254833,-0.029322990139693562,-0.047809295657469525
6/2012,-0.032893418910617034,0.04245838150314135,0.0416332511329115,-0.07691051331669767,0.07279110388533226,0.05940764805403753,0.060742485961873004,0.07894094742318722,0.05745906147627032,0.059669643538762154
7/2012,-0.024507516567975576,0.035936937505752976,-0.0471233369617523,-0.12351624055987766,0.01586350135013624,-0.0618921002098431,0.02755740655897347,0.10258502264540639,0.014814008566327048,0.018028695747704142
8/2012,-0.02735117800989071,-0.01066409920986872,0.011459141335621648,0.02899274922161511,0.02437464690659594,-0.05218830147629139,0.055322368966728465,0.058553269504896366,0.0928486878622483,0.01940692776262775
9/2012,0.04058657894200534,0.049790616679338144,0.04059963246882898,0.017626168962666517,0.018427571386054022,-0.04152638234337429,0.039956804574351586,0.021881337721317166,0.05574262610204518,-0.0021508890294424385
10/2012,-0.06611774809391921,-0.03838550822553841,0.04785026572748276,-0.012588393450508262,-0.01494218585992264,-0.04472713845837372,0.03891553951117742,-0.007081908760751423,0.05795999977896885,-0.05356233228264738
11/2012,0.06194784125463753,-0.007662800811669229,0.016900222640942705,0.0017223135293389352,-0.01833671268531143,0.020834154538268354,0.06955445314850679,-0.03672850130251192,0.035244362968721285,0.04413787114860972
12/2012,0.07283567717316417,0.008045940852252532,0.08923612165117957,0.026790418298916648,0.01141107627717028,0.0029479358155180073,0.002572446708987739,0.11631901903926925,0.0019997543896247026,0.02170889811584305
1/2013,0.08965403837950703,0.07930537236933946,0.003973029239815393,0.040778025234004193,0.04061811578773549,0.016744448727360785,-0.001130129256708079,-0.004900788185580588,0.0967634418264545,0.07967019649462177
2/2013,-0.08460817178695881,-0.0029403355037573077,0.042416117565922146,0.12872394213893643,0.03792981278164474,0.07679955278911714,-0.05891594493217675,-0.10680988834138963,0.035325183475284024,0.04409119001249405
3/2013,0.01532872972542426,0.04649857926443522,0.1068287206323574,0.059888452462337934,0.06830971096042929,0.082514360550694,0.04263630952163956,-0.04765619765263677,0.029525992519769787,0.023066825935343104
4/2013,-0.012131007023374846,0.04589906832552496,0.03361729323589163,0.0059239354747501,0.03331930869543224,0.09609183506995678,0.043403853615055374,0.2077975906393834,0.026905910295482855,-0.014475133845790893
5/2013,0.08816799401463665,-0.006485475654707081,-0.04709138732648723,-0.043995571794425786,0.019363778133481654,-0.12177243144799588,0.027736805301097105,0.04687256427264063,0.03686347137800673,0.054812416505018516
6/2013,-0.06113156418058917,-0.05254757858879164,0.06292153693771842,0.05335282227605709,0.008864465842907732,-0.018231173598570544,0.04484466533148808,-0.08459517691003772,-0.0812803757909341,-0.00879723927752296
7/2013,0.04299394502987214,0.050583658928746854,0.03537276135062309,0.0694715458746977,0.04375597859605734,0.038253716713147416,0.0567477151844225,0.09899979568167817,0.12696945992031447,0.06804852081323982
8/2013,0.03991345510310259,-0.09011848622378804,-0.03140030303236755,-0.028590418935935422,-0.012394177917514666,0.020495877194779598,-0.05664836238994328,-0.024997063040878464,0.01671669886536119,-0.026554007304975386
9/2013,0.10139166780129004,-0.004419831680483414,0.13324225747677737,0.047516336227387976,0.024061563401874604,0.046854226688404624,0.07366471867987608,0.12311385123671591,0.07584943620999324,0.052558544038651796
10/2013,-0.008771671374334733,0.091908507047667,0.03922497489499642,0.09545529937157052,0.032831293350663086,0.05592785428991876,0.043010293085603696,-0.13160878073331791,0.12396041481757597,0.04796000187978592
11/2013,0.056575085081887466,0.04608720430945196,0.048440976109672754,-0.011960464329780407,0.0676079874622652,0.03517470209650086,0.02799695733132279,-0.0009386892910925077,0.04963119905381553,0.0671793729162054
12/2013,0.06768950908127497,0.0036595393077182856,0.05315844784302029,0.07534914968150017,0.015832960831563377,-0.004126706438984232,0.006457897028184593,0.053549224304433325,-0.003885602522036586,0.04925006968062987
1/2014,0.01664701305866569,-0.038971636913504984,-0.011589991887792792,-0.09466504759655524,-0.05338013975053635,-0.0278614627116783,-0.06206629151022953,0.010541948709734903,-0.13305471529688745,-0.08991296092362444
2/2014,-0.02343561476007237,0.0902759714371796,0.16355367154645592,0.037442114298217324,0.016896959195659943,-0.03270953230641331,0.029225303400172205,0.27464765155124643,0.060194165830923255,0.062235651755607496
3/2014,-0.017900039472599806,-0.03244635875602977,-0.043022181159471665,0.06646101829929695,-0.0005272057512419517,0.04512081198834132,-0.016362838376623487,-0.048945615957846245,-0.07692902578826326,0.006878994815840061
4/2014,-0.031779671979771995,0.011876888076039467,-0.06358571478054742,0.007805592940190045,0.009019540422205099,0.015324486413296994,-0.00508911071308478,-0.09244535446627103,0.019137586050744837,0.024969325527928528
5/2014,0.05227332489758585,0.0322568480742668,0.04516337984885452,0.03268100409533142,0.02182241205369454,-0.024519445194886937,-0.018004774062871452,0.023648815716858135,0.05451748856900533,0.03068747219835714
6/2014,0.011028240832242941,0.02200057916489213,0.1143684681527839,-0.018641583602316325,0.0010313160981738779,0.09788558678915485,0.016521387169238896,0.1165964029913533,0.004042061695895231,0.004828864647282599
7/2014,-0.02270223600656153,0.033161880735888716,-0.04193368189936879,0.04831229308166596,0.024133923597100385,-0.0563538975711129,-0.03928589636486127,-0.03243605832094696,-0.05417007025486302,-0.01579028766594485
8/2014,0.01889695306905635,0.002845236884289268,0.03755314088179076,0.07675142633898527,0.026337851450714742,0.03827237500996748,0.030974024875962517,0.02344376838221457,0.04970757971017766,0.027778532105553252
9/2014,-0.0008312275896107898,-0.015507733994704464,-0.03841990715298361,0.024565403501896156,0.0009546653062310239,-0.06814626004840087,-0.05005641229045094,-0.010314497454684332,-0.037364665972937666,-0.016242118037260212
10/2014,-0.027655018600341114,0.04772135910620704,0.012190701258992768,-0.07636390201905409,0.10443297976947456,-0.0036999346541979968,0.022908614988569193,0.007602404370835016,0.11289022367397324,0.0747663418363608
11/2014,0.08595218456315323,0.023085018047836085,0.05473627548368154,0.13121162731314875,0.050974801576500646,-0.015823319832428406,0.007291953169052913,0.07630418077140615,0.01195069240533735,0.050434357517944096
12/2014,-0.04107139532193861,0.010874958725450572,-0.01278141473022083,-0.012402038600171552,-0.020141230772683726,-0.00690709442559208,0.021490163974224347,-0.024693725746814662,0.04291600358869817,0.02489455273917018
1/2015,-0.08205479622973613,-0.0005379887555102212,-0.03779025513626525,-0.11444939954770088,-0.010632722960468976,-0.11691435782484078,-0.0712886959143531,-0.08326684691436254,0.054407003903903434,-0.012988032303881134
2/2015,0.12284155775507823,0.06263987477058883,0.1330319407403787,0.03585411235061702,0.08142985787179638,0.06583496644996964,0.10282468135620551,0.19703838800589094,0.06882885394256132,0.04927272431105254
3/2015,-0.012695086882620726,-0.021190274485534438,-0.06439255673060326,-0.009617817401356739,-0.02950782351493859,-0.008872736354207822,0.026613734819015012,0.0209171833025246,0.03902098029779228,-0.021175277374363657
4/2015,-0.004341390325587766,0.007043719589519042,0.028268483874453913,0.030746172058507087,-0.012927929658655678,0.030653841880063402,-0.015270204342154273,0.03770377812798804,-0.02429068878489128,-0.0532893540667357
5/2015,-0.0045785450774119335,0.04818776205025768,0.04101712421790118,0.08754183595785099,0.01197917926184146,0.035330296883416094,-0.007295822349060404,0.034851554365927725,0.11623313571021078,0.024525892780353453
6/2015,-0.06009977394579335,0.009381269873057672,0.022895948712095195,-0.08751608535031959,-0.05519787788419645,-0.024167120213497033,-0.00030714371854153813,-0.08434281054468419,0.007990352487575193,-0.029122189830028768
7/2015,0.05690771914744373,0.035409243863814874,0.011478058143641423,-0.015969408980396345,-0.005488441353133301,-0.026232502800603553,0.027976908161341584,0.08983377015164339,0.0004526793967885947,-0.018489124981388213
8/2015,-0.12025825954376695,-0.11264220362674196,-0.04260731924971306,-0.046654303763039015,-0.031194919788582916,-0.064538639805671,-0.08288903894080239,-0.07299553023259787,-0.10734288879537705,-0.05578131469659013
9/2015,-0.053175210324411804,-0.11872219664475997,0.04540865301291866,-0.08195193708652257,0.04484958993514504,-0.20354546670348356,-0.008052781521917334,-0.032060879193804154,0.01048615822043068,-0.0026063401421929882
10/2015,0.09090246298695666,0.10846892197776531,0.07198253456431694,0.09233755969667574,0.07567333488897163,0.11551093967502626,0.08809244212172919,-0.12128166213388594,0.15915771450272254,0.09867752940128309
11/2015,0.10723018038392573,0.002808531606579426,0.03264747947766049,-0.2275786759171487,-0.00884875173107822,-0.09634211552438501,0.031090351223782783,-0.05693362803733208,0.03943509701891895,0.0026598439962225756
12/2015,0.0023784590444604348,-0.00021236561919293803,0.025538480260434534,0.004957388880217683,-0.011316570867557052,-0.04099926576996502,-0.08151429863678024,-0.08630031582933215,-0.038463030088701,-0.036916269507993205
1/2016,-0.1158345863306509,-0.18207960513860574,-0.05809302865654051,-0.04082098479211302,-0.02147208046666713,0.005238847162144591,-0.03638939944166598,-0.15798645529308633,-0.10210169043857564,0.0026387739458964515
2/2016,-0.008399861388928039,0.024403897560162584,-0.04796559841350282,-0.0021116632891787224,0.02002674696769849,0.03264497455097122,0.035402840202785175,0.17648627409608877,0.011639908881316035,0.04760318318452297
3/2016,0.061844469243792895,0.07325280961434816,0.09235271517657767,0.036166512964937246,0.0609036780541664,0.1772756506993688,0.056358195083192654,0.027887162435392264,0.07721737104325704,0.057614836562484756
4/2016,0.029386526102930813,-0.06652896766439034,0.004467597680866434,0.09528490016330728,-0.014258185053759732,-0.04605057461878659,0.08831707732745289,-0.08601391381546174,0.014858167993886624,0.004491181947342559
5/2016,0.11462812005967594,0.018592367920946373,0.0542236172086196,0.0764631764334688,-0.006807323500396967,-0.0062921928786673145,0.013050442569927849,0.06803798084364879,0.06371305604018884,0.012237005542161455
6/2016,-0.029855772463206316,-0.00773904857526918,-0.03598426218921954,0.0026744200547806412,0.04866030355341356,0.11271624936508634,0.0364016676351607,0.02332275794062176,0.0651141817786332,0.03780383504154966
7/2016,0.08520946526488984,0.1425407957359155,0.022448566502789695,0.0522899917963826,-0.03391559679360684,-0.0016161893443973104,0.001744330706499009,-0.1066104051012581,0.058163331071306675,0.01924916845674151
8/2016,-0.02170148665869028,-0.05747215584875159,0.040602590544830695,-0.020897852232970887,0.008785135103059056,-0.020938807435590952,0.028841570340182032,0.0757334697579254,0.03462251715427674,0.010165408561069624
9/2016,0.004819955964459648,0.006404945810820647,0.05911138104217197,-0.03701100915288082,-0.012173791310110905,0.06262080219227201,-0.0316354669039721,-0.035410128129439965,0.023660624818961855,-0.016935766103531025
10/2016,-0.07769203494262997,-0.06851732603860917,-0.009534890702989431,0.03265976276265094,-0.013008962925120266,-0.07843992423020764,-0.04263813298242728,0.27079177409661703,-0.08676894486653813,-0.06402804649784233
11/2016,0.009366258259061986,-0.03027007992769171,-0.04470128555935054,-0.0006192330399595186,0.09795858436836836,-0.02756417723241749,0.041736839102236176,-0.04069011510836119,0.07380765641976061,0.04461083806500181
12/2016,0.03818662542951422,0.008891165989649261,0.0013608030228424196,0.05446904220989413,0.07398959248874377,0.014737874505928493,-0.025253479884862134,-0.00029984470877225146,-0.026673905545328398,0.03899905477565536
1/2017,0.07578625468368767,0.09481412649544983,0.10132665988293765,-0.032468369280626616,-0.01844766964191584,-0.005281283260848367,0.005867286677038961,0.02965371744364315,0.03361154364784688,-0.022285215530219355
2/2017,0.051375845116554235,0.08428797953073486,0.047323855487229595,0.07366550100148671,0.017696668683680618,0.007702446268587751,0.043466445605424765,-0.1010005437982989,0.03591205923379646,0.077767469273785
3/2017,0.029787293648201565,-0.013671961288569751,0.08671373139892903,-0.018259632770681468,0.0029561916187381366,-0.027353209415341105,0.0008830560216996008,-0.043308592678715035,0.014390141558506918,0.024079575170922934
4/2017,0.044659096662710514,-0.012591880240823597,0.030244055639422555,-0.006983957263644795,0.022439375941058683,0.024422606791892926,0.03692059728703458,0.02272168814371966,0.06019092501232025,0.025694492114058953
5/2017,0.08758268038193956,0.04319180261043479,0.056263774996365756,-0.08395204918025051,-0.019565890718495252,0.030727290389831453,0.011925156389565834,-0.24489408641797755,0.01737988180012357,0.04689617851281372
6/2017,-0.014311170971145143,0.05976094838042497,-0.002830269202115679,-0.0046021712323996555,0.006230353360230733,-0.04775840998716127,0.028689811136581773,0.052387128067994185,0.025066875142889855,0.017209827050463384
7/2017,0.008463547729457132,0.018035650874751143,0.03683566749432282,0.020105525805440904,0.15633901312449114,0.006595286514571274,0.027613898311537734,-0.05784860560020255,-0.05042605349759867,-0.03601555083293486
8/2017,0.07234236933155448,0.032103682628823973,0.05249969133074822,-0.01181659187524687,-0.1008944374869798,-0.0016525880829253298,0.03643739003772947,0.00019370845687742368,0.03577745361526646,0.019422774981904947
9/2017,-0.00847066227869677,0.0487336758375606,-0.041268448980589054,0.02981215016705918,0.0332904722843504,-0.001903922352782776,-0.014859473859320078,0.03439338736620489,0.06824832996544114,0.02829072135862821
10/2017,0.05727614505294844,0.020095619687573955,0.15324872316401905,-0.03755454768943963,0.0587523018627283,-0.023668327558307244,0.028878911518217792,0.06677068591562374,-0.001456258170219554,0.0880797518436455
11/2017,0.017630214967205366,0.03870280940070166,0.03539049467325954,-0.016446676283484625,-0.01560372773895886,-0.0047148220627646585,0.04907691057348244,0.06537546947017847,0.06885754628995613,0.05976424616085142
12/2017,-0.032678409016152474,0.012958482990011467,-0.03668055638253773,0.005252833169498357,0.030471870013089753,0.02452220797074158,0.0016761979936332483,0.1612664749508715,-0.03604188196127408,-0.0341027218479746
1/2018,0.09208759259089602,0.09020383713028061,0.13096012418048225,0.06915899749992103,0.05349661640072917,0.07649133940743186,0.004773107992367806,0.029540843315450472,0.08864760810832334,0.06230035763507609
2/2018,-0.07536317076183441,-0.03302766951574779,0.05066468073055943,-0.028821329968052173,-0.07690699994156168,-0.06802255178491085,0.014918311083592978,0.00772744010763117,-0.04372005699686355,-0.06170261805868078
3/2018,-0.02494799439352127,-0.0068191574306889075,0.03269262644369312,0.043592506919934076,-0.010599413345509368,0.04497168669300402,-0.015420005953915404,0.050863378450332765,-0.00939116984266498,-0.07031030332778077
4/2018,-0.015261755864796446,-0.02552655996131459,0.02522526445774246,0.04530358912066537,0.039735737435019056,0.08434740959895994,0.040529624096136314,0.009394981058040064,-0.032983843076793695,-0.12157656068868383
5/2018,-0.05714305228807605,0.054259428913906615,0.11235264921624445,-0.02834407695737357,0.09194760144248046,0.03896659374391348,-0.0053024948740169235,0.048442013294219904,0.026393247254092367,0.020351134778392323
6/2018,-0.001292857138961094,-0.008814862157446948,-0.022187534365805957,0.04713301571417508,0.03627824748763765,0.05046941122473737,-0.046330288978941495,-0.028936732488567714,-0.06416853751852142,-0.0025893574100352176
7/2018,0.06812233057391996,0.07643565610970238,0.0035619810208339323,0.051664506533648104,0.006316740244381881,-0.0037354781922729107,0.07864710191662658,0.02734359463602511,0.009452511320814457,0.07631313950967515
8/2018,0.020506457406874394,0.01793314137457872,0.06769318093215158,0.045760502388250995,0.07626643381593534,0.015663286359471534,-0.0008156580582966694,-0.0014570179159553221,-0.022514683919928696,5.916900221074303e-05
9/2018,0.04803488034054661,0.10287475545464336,0.026687072887994753,-0.0028546719144681323,0.03425848474779037,0.04347559420525518,0.01966330865668135,-0.02966623987590028,-0.0934753597216868,-0.001100775108319055
10/2018,-0.07570431755240181,-0.05299240219156444,-0.08571777651317145,-0.056568337107580566,-0.040773813756063246,0.04510799696200686,-0.08108667252689089,-0.011303315130294991,-0.140298173192783,-0.09321400499878074
11/2018,0.11036416122643891,0.07150415865531297,0.02065916602123327,-0.019012708295555125,0.022916814033632642,0.06054400608971586,0.0658936838189804,-0.049655590445860875,0.03982859640932736,0.09556774646022209
12/2018,-0.07461707474341854,-0.025975521362479506,-0.11430431154984845,-0.1284712117414381,-0.12323269670798592,-0.07605135198622842,-0.004358088412140109,-0.13074403950440933,-0.11494864987348036,-0.0964797992583176
1/2019,0.11985616372987397,0.013572607374740081,0.0911062987544783,0.09159770705165579,0.06438605336164514,0.1337308226604097,0.04590108812588087,0.06374001544711753,0.11868840000215311,0.049954141666649944
2/2019,0.0482016765208749,0.06812834701079883,0.06360610010860852,-0.05151979847304288,0.0996231050357011,0.05524174261413033,0.03894498869809889,0.07482829612652687,0.09020775611269401,0.046061722589861076
3/2019,0.011763534668880023,0.029451284361593298,0.015085600772668985,0.01471459086567856,0.04810622463864829,0.04815431927971578,0.017349565660591322,0.0290038776183554,0.02641487057319886,0.0018786445118801646
4/2019,-0.021624515634008346,-0.0006807389137324822,0.08195468326943862,0.03351492114829701,0.02869403092190573,-0.046571414647154946,0.007571413189136584,0.110146127942317,-0.010223275030255469,-0.09203822301358912
5/2019,-0.15049343365297232,-0.042066049267899884,-0.06256247408082842,-0.13661733090554984,-0.025121646735154955,-0.0765902755102821,0.022227750844965557,-0.05774969903417337,-0.24898686491531183,-0.15493388204797415
6/2019,0.11302152784654364,0.1045419910324307,0.08824038720937102,0.06584545462463759,0.038653358923534324,0.06193438855804944,0.06949118475069124,0.0645733821859139,0.15985629513595748,0.08572697928440179
7/2019,-0.06762835241916836,0.03702529738672765,0.01354213324170386,0.0065286164878473356,0.006846037057596056,0.009363134472602334,-0.03856038126440045,0.090717965247493,-0.030450206102877037,0.007569212293962938
8/2019,0.023097318391759717,-0.01970926692185551,-0.04697008015727604,-0.06418179344636164,0.018843965549280108,-0.08683679695148984,-0.04077936902203341,0.010770118590683737,0.022211817243383707,-0.06510915161611101
9/2019,0.08075547753872736,-0.02050499698178671,-0.030935293017245392,0.0801955918018406,-0.04822906498675472,0.06699449140383512,0.04385041017836674,0.026177191688814196,0.02652161602036964,0.017258160456341418
10/2019,-0.010545910804540074,0.0029981486968544396,0.005535786478353409,0.021313717168932586,0.004570240541006349,0.046132853628280304,0.01454244079982523,-0.05010982760661881,0.04140494780487303,0.0032706724989260564
11/2019,0.06737530251948483,0.022856961681670555,0.11307004479373858,0.03056215286911734,0.0539289441430145,0.10871780064583264,0.037894794139721126,0.007499201023959387,-0.027407608104886363,0.03903919157290901
12/2019,0.05679569431066339,0.016366166533699256,0.0634617096536879,0.0766506479174348,0.003815166432189464,0.05102867407253726,-0.03601665352513957,-0.008530374415077875,-0.015827284439327752,0.03842303030801555
1/2020,-0.03276627731469157,0.00745652908594067,0.06266832238759848,-0.034906427813766294,0.005206545230000241,0.005050298716138987,-0.02546313989640785,0.07759971790589756,-0.10427681174064288,-0.10610402453822931
2/2020,-0.07605441836492298,-0.1363022485546876,-0.019113180466772538,-0.1825292508749056,-0.11295279387756946,-0.18955727815132223,-0.1988572852557889,-0.084105900520026,-0.08444079354049643,-0.05768694216579936
3/2020,-0.06758032317409285,0.023016990935735185,-0.0774006393427709,-0.06477066735424315,-0.11257577994110274,-0.19771841291147027,-0.21411492636013651,0.05342554107199581,-0.04294686120116486,-0.08510537802778669
4/2020,0.06800575206220408,0.15866048894423737,0.10547370354018552,0.05421620601758644,0.07067897056720314,-0.016035915890121287,0.08398883519763574,0.06577424524429863,0.11965324219682447,0.10695618253213668
5/2020,0.1465237934173665,0.03178153555276294,0.09356664933253409,0.07023601502269382,-0.0014325622221914671,-0.06202260523785863,-0.013443401935384004,0.08352398216649996,0.1197557660391084,0.04114745974292544
6/2020,0.004490083899788108,-0.035757728704113804,0.1132738403871881,0.014220342177863526,0.02109512834031227,0.1417789189883702,-0.01158626269426227,0.011568155404369578,-0.0076671217240061925,-0.0027495226061795635
7/2020,0.08232695695769068,0.09531190562155965,0.01955541448074418,0.06764124217951208,-0.10837514705464521,0.05643771746628574,-0.0122653267074446,0.04653428137438911,0.024750313979454302,-0.03439072223810722
8/2020,0.04158140715688001,0.08410078262724817,0.14449077874764016,0.05221916357748695,0.04544906751478045,0.1531182827845583,0.02836848029931749,0.03487046891873419,0.017094423387932725,0.08917010207508873
9/2020,0.005165052403791464,-0.005863448192350448,-0.04575327642221528,0.03792243130491846,0.009523561007694716,0.020078888177979926,0.0008258535018960781,-0.051912781982599715,0.07530323965538126,-0.017574607641357567
10/2020,0.012533050980272062,-0.030022562996153204,-0.08829568886416453,-0.005147171310624419,0.11869660100947158,0.07761436030607125,-0.06520064129286654,-0.14340916554681005,-0.015445948849749662,-0.0013119795459791924
11/2020,0.14223724104241195,0.03061671950859829,0.07120177959589566,0.08480862840226595,0.10082500329317541,0.04943359437812181,0.2774169915980834,0.08875541406493674,0.08988816035046966,0.08969017641601214
12/2020,0.012895663588540685,0.011136622947887852,0.04224297411359563,0.012196520197416315,0.01777213159974733,0.13316542332130382,0.011662083651492914,0.013551529230546259,-0.025598196916500806,0.011316889667029586
1/2021,0.01737189868513603,0.13833139263281582,-0.09538320325817325,-0.00880522726705527,-0.0717840766000799,0.04837859718558555,0.017506843986074758,0.06182326709111377,-0.005118171668872626,0.0054877164924724
2/2021,0.017338602885693773,-0.034608859711950345,0.0021662038714536608,0.1441248979153267,0.05802394383542849,0.09420509583113025,0.07218521594570461,-0.17816907268497847,0.09866122083403644,0.005288849177111629
3/2021,0.03715543353715824,0.00045715448316096776,0.030664170752670198,0.006752531271471649,0.07750800198069675,0.008553903731808771,0.06066456895299695,0.0688362841203672,0.11866551549549811,0.08756272030406186
4/2021,0.051381459538729815,0.005665723199163359,0.06705706992803924,0.10214487570150131,-0.007883720177417914,0.0423934014257689,0.04862250405956803,0.06459981084915815,0.005983677623163099,0.022883327696035648
5/2021,0.03469778359575941,-0.03042922805972359,-0.007795341101556184,0.06083905255050963,0.0495196921035624,-0.09514287051430591,0.062282001114518565,0.05191943924393742,0.05023276347406448,0.03866165505506117
6/2021,0.06465381385460062,-0.005910055063246629,0.1422071488882874,-0.0891144776007278,0.01706740624347872,0.02447680708931512,-0.05226482787334073,0.019769027520719656,0.013205068798064854,-0.020960927519264476
7/2021,0.03732588142777775,0.04643860768658652,0.0596397769539734,-0.0146279243814007,0.05395078060304561,-0.08906909658836966,0.024665396507292776,0.028075577695422214,-0.020547335845218794,-0.0034798010462858972
8/2021,0.1293676239614079,0.04160751847931466,0.06250859069539431,0.010116445501271443,-0.0026904486205432186,0.006822592568212864,0.03421265277535129,-0.05462584351849282,0.03189904697863545,-0.008298823069857086
9/2021,-0.10785226862033626,-0.06742846110780347,-0.14220887803717058,0.0001665858414562505,-0.04006421607292444,-0.04454698870758551,-0.08368069948522436,-0.07954985461092051,-0.17459581557871043,-0.1044822727725571
10/2021,0.0009906079726532784,0.09102718309376975,0.12190465269666956,0.0681147654968764,0.1159138487455994,0.09598685045656025,0.029113479112206755,0.00828381566882544,0.18376477934069763,0.018413359045401777
11/2021,-0.04274465122677242,-0.024504326080433257,0.029527737072164315,-0.026568289777123322,0.028110160704810788,-0.06615452987842306,0.014467761696120195,0.06639766854608582,0.07866266757432352,-0.04145762285408461
12/2021,0.05380446771669955,0.1073475219543428,-0.15901644469418666,0.07917402796304357,0.06700309190417642,0.03684104921467813,0.07213642256170652,0.036068808268576655,0.07876983809679527,0.04168419468017364
1/2022,-0.14163897247266766,-0.10037016652369052,-0.06248304070332719,0.10922955593015678,-0.18793464222990164,-0.0883328446401337,0.07678523197575211,-0.022579545443109417,-0.11829180299950208,-0.07097426129985454
2/2022,-0.07347096639850176,-0.060963490752748234,-0.14719139887947577,0.055562192611899604,-0.009313593014556235,-0.04838367429031457,-0.023959097663576307,-0.06242048227527844,-0.11963723769890904,-0.11151403639271015
3/2022,0.013694781328456553,-0.01726958016485193,-0.023853413944254907,0.1280387853329834,0.10228218841472593,0.17552548589845524,0.04803533408497904,0.08935014182695444,-0.06467834409917331,0.0014115954832481104
4/2022,-0.10745727689005585,-0.03984772490936697,-0.1473897038909455,-0.008174969374424149,-0.04410594551505165,-0.2348078910272401,-0.1228571802932352,-0.06446968460448582,-0.08911478646562274,-0.03339080219375607
5/2022,0.0671970989559993,0.0342950598872455,0.0505504961391097,0.018569598531225535,0.021582362311571703,0.07634437624374585,0.06299236323044724,-0.1054792535184518,0.028513113168526096,0.0446058553619307
6/2022,-0.07139801823406615,-0.07796606814948151,-0.1290412199028598,-0.157312224737148,-0.054866041520615486,-0.04786054080058108,-0.09048433044087847,-0.10103714635091138,-0.09484449494432953,-0.14290496718812795
7/2022,0.12932499665251485,0.0064911394851180975,0.11933516718235954,0.06772324086214282,0.14489655343852406,0.06626652548501488,0.03673450499765598,0.0547658036158051,0.15807648512507486,0.10661274863207182
8/2022,-0.04072568893130319,-0.05346208616735925,-0.08554526423763972,0.0590513744626583,0.0123740019839122,0.12392103125366243,0.03906073357468173,-0.05818032700552286,-0.1041380766501199,-0.11980157232473099
9/2022,-0.05365577413012607,-0.05909142266148652,-0.30525920521967226,-0.088450241788569,-0.07315996797499949,-0.11876572164637283,-0.055714022354739184,-0.11689728628411367,-0.15014328598824087,-0.11808470978642202
10/2022,0.131190185055216,0.026987222626263112,0.1461243245960859,0.18686907016442475,0.06632188934427988,0.15227073947449124,0.147161340918653,0.09506116934282435,0.12591018021468503,0.12959831475261527
11/2022,0.11350936861935028,0.08372117894508663,0.07971900164779355,0.009599216898764282,0.0887819895323036,0.10030182602299109,0.10545383505519493,0.07132230539692713,0.10327730685136076,0.013071246245071912
12/2022,-0.03350663854418105,0.020334624029398684,-0.02465418213038649,-0.04886716540294209,-0.09576793138035189,-0.005547776717064824,0.0001390809773154603,-0.1180202256747016,-0.05934950477291575,-0.049219058020915814
